query_sample_id,query_index,query_label,query_project,query_code_chars,query_code_lines,query_codebert_tokens,query_truncated_for_embedding,embedding_token_window,rank,faiss_l2_distance,retrieved_index,retrieved_sample_id,retrieved_label,label_matches_query,retrieved_project,retrieved_dataset_type,retrieved_source,retrieved_code_chars,retrieved_code_lines,retrieved_codebert_tokens,lexical_jaccard,query_snippet,retrieved_snippet,retrieved_source_category,retrieved_reference_family,retrieved_is_cve_reference,retrieved_source_detail,retrieved_source_signature_path,cosine_similarity,distance_gap_from_rank1,distance_percentile_in_db,query_cwe_hint,retrieved_cwe_hint,cwe_matches_query_hint
1,0,Vulnerable,patch__CVE-2019-13638,675,11,263,False,tail_512,1,5.58526611328125,8415,trace-csv::8416,Vulnerable,True,urjtag-0.8,test,dataset/signature_db_Vul_data.csv,632,1,277,0.05063291139240506,"outfile = xstrdup (optarg); outname = outfile; outfd = make_tempfile (&TMPOUTNAME, 'o', outname, O_WRONLY | binary_transput, instat.st_mode & S_IRWXUGO); int make_tempfile (char const **name, char letter, char const *...","while(fgets(line, 1023, stdin)); jtag_readline_multiple_commands_support( line ); nextcmd = strstr(nextcmd, ""::""); /* :: to not confuse ms-dos users ;-) */ r = jtag_parse_line( line ); char *nextcmd = line; line = nex...",Open Source Project,CVE/Open Source Project,True,urjtag-0.8,,0.993924,0.000000,0.000115,,,
1,0,Vulnerable,patch__CVE-2019-13638,675,11,263,False,tail_512,2,5.60089111328125,8463,trace-csv::8464,Vulnerable,True,urjtag-0.8,test,dataset/signature_db_Vul_data.csv,632,1,277,0.05063291139240506,"outfile = xstrdup (optarg); outname = outfile; outfd = make_tempfile (&TMPOUTNAME, 'o', outname, O_WRONLY | binary_transput, instat.st_mode & S_IRWXUGO); int make_tempfile (char const **name, char letter, char const *...","while(fgets(line, 1023, stdin)); jtag_readline_multiple_commands_support( line ); nextcmd = strstr(nextcmd, ""::""); /* :: to not confuse ms-dos users ;-) */ r = jtag_parse_line( line ); char *nextcmd = line; line = nex...",Open Source Project,CVE/Open Source Project,True,urjtag-0.8,,0.993906,0.015625,0.000115,,,
1,0,Vulnerable,patch__CVE-2019-13638,675,11,263,False,tail_512,3,5.60211181640625,8471,trace-csv::8472,Vulnerable,True,urjtag-0.8,test,dataset/signature_db_Vul_data.csv,592,1,262,0.05063291139240506,"outfile = xstrdup (optarg); outname = outfile; outfd = make_tempfile (&TMPOUTNAME, 'o', outname, O_WRONLY | binary_transput, instat.st_mode & S_IRWXUGO); int make_tempfile (char const **name, char letter, char const *...","while(fgets(line, 1023, stdin)); jtag_readline_multiple_commands_support( line ); nextcmd = strstr(nextcmd, ""::""); /* :: to not confuse ms-dos users ;-) */ r = jtag_parse_line( line ); t = get_token( line ); char *t =...",Open Source Project,CVE/Open Source Project,True,urjtag-0.8,,0.993901,0.016846,0.000230,,,
1,0,Vulnerable,patch__CVE-2019-13638,675,11,263,False,tail_512,4,5.602294921875,8462,trace-csv::8463,Vulnerable,True,urjtag-0.8,test,dataset/signature_db_Vul_data.csv,592,1,262,0.05063291139240506,"outfile = xstrdup (optarg); outname = outfile; outfd = make_tempfile (&TMPOUTNAME, 'o', outname, O_WRONLY | binary_transput, instat.st_mode & S_IRWXUGO); int make_tempfile (char const **name, char letter, char const *...","while(fgets(line, 1023, stdin)); jtag_readline_multiple_commands_support( line ); nextcmd = strstr(nextcmd, ""::""); /* :: to not confuse ms-dos users ;-) */ r = jtag_parse_line( line ); t = get_token( line ); char *t =...",Open Source Project,CVE/Open Source Project,True,urjtag-0.8,,0.993901,0.017029,0.000459,,,
1,0,Vulnerable,patch__CVE-2019-13638,675,11,263,False,tail_512,5,5.6055908203125,8421,trace-csv::8422,Vulnerable,True,urjtag-0.8,test,dataset/signature_db_Vul_data.csv,628,1,277,0.05,"outfile = xstrdup (optarg); outname = outfile; outfd = make_tempfile (&TMPOUTNAME, 'o', outname, O_WRONLY | binary_transput, instat.st_mode & S_IRWXUGO); int make_tempfile (char const **name, char letter, char const *...","while(fgets(line, 1023, stdin)); jtag_readline_multiple_commands_support( line ); nextcmd = strstr(nextcmd, ""::""); /* :: to not confuse ms-dos users ;-) */ r = jtag_parse_line( line ); if (!line || !(strlen( line ) > ...",Open Source Project,CVE/Open Source Project,True,urjtag-0.8,,0.993897,0.020325,0.000574,,,
1,0,Vulnerable,patch__CVE-2019-13638,675,11,263,False,tail_512,6,5.6092529296875,8423,trace-csv::8424,Vulnerable,True,urjtag-0.8,test,dataset/signature_db_Vul_data.csv,592,1,262,0.05063291139240506,"outfile = xstrdup (optarg); outname = outfile; outfd = make_tempfile (&TMPOUTNAME, 'o', outname, O_WRONLY | binary_transput, instat.st_mode & S_IRWXUGO); int make_tempfile (char const **name, char letter, char const *...","while(fgets(line, 1023, stdin)); jtag_readline_multiple_commands_support( line ); nextcmd = strstr(nextcmd, ""::""); /* :: to not confuse ms-dos users ;-) */ r = jtag_parse_line( line ); t = get_token( line ); char *t =...",Open Source Project,CVE/Open Source Project,True,urjtag-0.8,,0.993893,0.023987,0.000574,,,
2,1,Safe,patch__CVE-2019-13638,613,10,232,False,tail_512,1,5.7999267578125,8415,trace-csv::8416,Vulnerable,False,urjtag-0.8,test,dataset/signature_db_Vul_data.csv,632,1,277,0.039473684210526314,"outfile = xstrdup (optarg); outname = outfile; outfd = make_tempfile (&TMPOUTNAME, 'o', outname, O_WRONLY | binary_transput, instat.st_mode & S_IRWXUGO); int make_tempfile (char const **name, char letter, char const *...","while(fgets(line, 1023, stdin)); jtag_readline_multiple_commands_support( line ); nextcmd = strstr(nextcmd, ""::""); /* :: to not confuse ms-dos users ;-) */ r = jtag_parse_line( line ); char *nextcmd = line; line = nex...",Open Source Project,CVE/Open Source Project,True,urjtag-0.8,,0.993700,0.000000,0.000000,,,
2,1,Safe,patch__CVE-2019-13638,613,10,232,False,tail_512,2,5.8209228515625,8463,trace-csv::8464,Vulnerable,False,urjtag-0.8,test,dataset/signature_db_Vul_data.csv,632,1,277,0.039473684210526314,"outfile = xstrdup (optarg); outname = outfile; outfd = make_tempfile (&TMPOUTNAME, 'o', outname, O_WRONLY | binary_transput, instat.st_mode & S_IRWXUGO); int make_tempfile (char const **name, char letter, char const *...","while(fgets(line, 1023, stdin)); jtag_readline_multiple_commands_support( line ); nextcmd = strstr(nextcmd, ""::""); /* :: to not confuse ms-dos users ;-) */ r = jtag_parse_line( line ); char *nextcmd = line; line = nex...",Open Source Project,CVE/Open Source Project,True,urjtag-0.8,,0.993676,0.020996,0.000115,,,
2,1,Safe,patch__CVE-2019-13638,613,10,232,False,tail_512,3,5.84881591796875,8559,trace-csv::8560,Vulnerable,False,urjtag-0.8,test,dataset/signature_db_Vul_data.csv,632,1,277,0.039473684210526314,"outfile = xstrdup (optarg); outname = outfile; outfd = make_tempfile (&TMPOUTNAME, 'o', outname, O_WRONLY | binary_transput, instat.st_mode & S_IRWXUGO); int make_tempfile (char const **name, char letter, char const *...","while(fgets(line, 1023, stdin)); jtag_readline_multiple_commands_support( line ); nextcmd = strstr(nextcmd, ""::""); /* :: to not confuse ms-dos users ;-) */ r = jtag_parse_line( line ); char *nextcmd = line; line = nex...",Open Source Project,CVE/Open Source Project,True,urjtag-0.8,,0.993646,0.048889,0.000344,,,
2,1,Safe,patch__CVE-2019-13638,613,10,232,False,tail_512,4,5.8680419921875,8607,trace-csv::8608,Vulnerable,False,urjtag-0.8,test,dataset/signature_db_Vul_data.csv,632,1,277,0.039473684210526314,"outfile = xstrdup (optarg); outname = outfile; outfd = make_tempfile (&TMPOUTNAME, 'o', outname, O_WRONLY | binary_transput, instat.st_mode & S_IRWXUGO); int make_tempfile (char const **name, char letter, char const *...","while(fgets(line, 1023, stdin)); jtag_readline_multiple_commands_support( line ); nextcmd = strstr(nextcmd, ""::""); /* :: to not confuse ms-dos users ;-) */ r = jtag_parse_line( line ); char *nextcmd = line; line = nex...",Open Source Project,CVE/Open Source Project,True,urjtag-0.8,,0.993625,0.068115,0.000459,,,
2,1,Safe,patch__CVE-2019-13638,613,10,232,False,tail_512,5,5.90093994140625,8414,trace-csv::8415,Vulnerable,False,urjtag-0.8,test,dataset/signature_db_Vul_data.csv,592,1,262,0.039473684210526314,"outfile = xstrdup (optarg); outname = outfile; outfd = make_tempfile (&TMPOUTNAME, 'o', outname, O_WRONLY | binary_transput, instat.st_mode & S_IRWXUGO); int make_tempfile (char const **name, char letter, char const *...","while(fgets(line, 1023, stdin)); jtag_readline_multiple_commands_support( line ); nextcmd = strstr(nextcmd, ""::""); /* :: to not confuse ms-dos users ;-) */ r = jtag_parse_line( line ); t = get_token( line ); char *t =...",Open Source Project,CVE/Open Source Project,True,urjtag-0.8,,0.993588,0.101013,0.000689,,,
2,1,Safe,patch__CVE-2019-13638,613,10,232,False,tail_512,6,5.90093994140625,8423,trace-csv::8424,Vulnerable,False,urjtag-0.8,test,dataset/signature_db_Vul_data.csv,592,1,262,0.039473684210526314,"outfile = xstrdup (optarg); outname = outfile; outfd = make_tempfile (&TMPOUTNAME, 'o', outname, O_WRONLY | binary_transput, instat.st_mode & S_IRWXUGO); int make_tempfile (char const **name, char letter, char const *...","while(fgets(line, 1023, stdin)); jtag_readline_multiple_commands_support( line ); nextcmd = strstr(nextcmd, ""::""); /* :: to not confuse ms-dos users ;-) */ r = jtag_parse_line( line ); t = get_token( line ); char *t =...",Open Source Project,CVE/Open Source Project,True,urjtag-0.8,,0.993588,0.101013,0.000689,,,
3,2,Vulnerable,php-src__CVE-2015-8617,412,6,159,False,tail_512,1,8.2254638671875,8069,trace-csv::8070,Vulnerable,True,autotrace-20200219.65,test,dataset/signature_db_Vul_data.csv,398,1,153,0.02127659574468085,"zend_throw_or_error(fetch_type, NULL, """"Class '%s' not found"""", ZSTR_VAL(class_name)); static void zend_throw_or_error(int fetch_type, zend_class_entry *exception_ce, const char *format, ...) zend_vspprintf(&message, ...","if (!ReadOK(fd, buffer, 8)) { Bitmap_Head.biWidth = ToS(&buffer[0x00]); /* 12 */ return ((short)(puffer[0] | puffer[1] << 8)); if ((Bitmap_Head.biHeight == 0 || Bitmap_Head.biWidth == 0) image_storage = ReadImage(fd, ...",Open Source Project,CVE/Open Source Project,True,autotrace-20200219.65,,0.991230,0.000000,0.000000,,,
3,2,Vulnerable,php-src__CVE-2015-8617,412,6,159,False,tail_512,2,8.2254638671875,8072,trace-csv::8073,Vulnerable,True,autotrace-20200219.65,test,dataset/signature_db_Vul_data.csv,398,1,153,0.02127659574468085,"zend_throw_or_error(fetch_type, NULL, """"Class '%s' not found"""", ZSTR_VAL(class_name)); static void zend_throw_or_error(int fetch_type, zend_class_entry *exception_ce, const char *format, ...) zend_vspprintf(&message, ...","if (!ReadOK(fd, buffer, 8)) { Bitmap_Head.biWidth = ToS(&buffer[0x00]); /* 12 */ return ((short)(puffer[0] | puffer[1] << 8)); if ((Bitmap_Head.biHeight == 0 || Bitmap_Head.biWidth == 0) image_storage = ReadImage(fd, ...",Open Source Project,CVE/Open Source Project,True,autotrace-20200219.65,,0.991230,0.000000,0.000000,,,
3,2,Vulnerable,php-src__CVE-2015-8617,412,6,159,False,tail_512,3,8.2257080078125,8066,trace-csv::8067,Vulnerable,True,autotrace-20200219.65,test,dataset/signature_db_Vul_data.csv,398,1,153,0.02127659574468085,"zend_throw_or_error(fetch_type, NULL, """"Class '%s' not found"""", ZSTR_VAL(class_name)); static void zend_throw_or_error(int fetch_type, zend_class_entry *exception_ce, const char *format, ...) zend_vspprintf(&message, ...","if (!ReadOK(fd, buffer, 8)) { Bitmap_Head.biWidth = ToS(&buffer[0x00]); /* 12 */ return ((short)(puffer[0] | puffer[1] << 8)); if ((Bitmap_Head.biHeight == 0 || Bitmap_Head.biWidth == 0) image_storage = ReadImage(fd, ...",Open Source Project,CVE/Open Source Project,True,autotrace-20200219.65,,0.991225,0.000244,0.000230,,,
3,2,Vulnerable,php-src__CVE-2015-8617,412,6,159,False,tail_512,4,8.3818359375,8067,trace-csv::8068,Vulnerable,True,autotrace-20200219.65,test,dataset/signature_db_Vul_data.csv,400,1,154,0.02127659574468085,"zend_throw_or_error(fetch_type, NULL, """"Class '%s' not found"""", ZSTR_VAL(class_name)); static void zend_throw_or_error(int fetch_type, zend_class_entry *exception_ce, const char *format, ...) zend_vspprintf(&message, ...","if (!ReadOK(fd, buffer, 8)) { Bitmap_Head.biHeight = ToS(&buffer[0x02]); /* 14 */ return ((short)(puffer[0] | puffer[1] << 8)); if ((Bitmap_Head.biHeight == 0 || Bitmap_Head.biWidth == 0) image_storage = ReadImage(fd,...",Open Source Project,CVE/Open Source Project,True,autotrace-20200219.65,,0.991025,0.156372,0.000344,,,
3,2,Vulnerable,php-src__CVE-2015-8617,412,6,159,False,tail_512,5,8.3818359375,8070,trace-csv::8071,Vulnerable,True,autotrace-20200219.65,test,dataset/signature_db_Vul_data.csv,400,1,154,0.02127659574468085,"zend_throw_or_error(fetch_type, NULL, """"Class '%s' not found"""", ZSTR_VAL(class_name)); static void zend_throw_or_error(int fetch_type, zend_class_entry *exception_ce, const char *format, ...) zend_vspprintf(&message, ...","if (!ReadOK(fd, buffer, 8)) { Bitmap_Head.biHeight = ToS(&buffer[0x02]); /* 14 */ return ((short)(puffer[0] | puffer[1] << 8)); if ((Bitmap_Head.biHeight == 0 || Bitmap_Head.biWidth == 0) image_storage = ReadImage(fd,...",Open Source Project,CVE/Open Source Project,True,autotrace-20200219.65,,0.991025,0.156372,0.000344,,,
3,2,Vulnerable,php-src__CVE-2015-8617,412,6,159,False,tail_512,6,8.4029541015625,8414,trace-csv::8415,Vulnerable,True,urjtag-0.8,test,dataset/signature_db_Vul_data.csv,592,1,262,0.05084745762711865,"zend_throw_or_error(fetch_type, NULL, """"Class '%s' not found"""", ZSTR_VAL(class_name)); static void zend_throw_or_error(int fetch_type, zend_class_entry *exception_ce, const char *format, ...) zend_vspprintf(&message, ...","while(fgets(line, 1023, stdin)); jtag_readline_multiple_commands_support( line ); nextcmd = strstr(nextcmd, ""::""); /* :: to not confuse ms-dos users ;-) */ r = jtag_parse_line( line ); t = get_token( line ); char *t =...",Open Source Project,CVE/Open Source Project,True,urjtag-0.8,,0.990956,0.177490,0.000574,,,
4,3,Safe,php-src__CVE-2015-8617,420,6,164,False,tail_512,1,8.02423095703125,8414,trace-csv::8415,Vulnerable,False,urjtag-0.8,test,dataset/signature_db_Vul_data.csv,592,1,262,0.05084745762711865,"zend_throw_or_error(fetch_type, NULL, """"Class '%s' not found"""", ZSTR_VAL(class_name)); static void zend_throw_or_error(int fetch_type, zend_class_entry *exception_ce, const char *format, ...) zend_vspprintf(&message, ...","while(fgets(line, 1023, stdin)); jtag_readline_multiple_commands_support( line ); nextcmd = strstr(nextcmd, ""::""); /* :: to not confuse ms-dos users ;-) */ r = jtag_parse_line( line ); t = get_token( line ); char *t =...",Open Source Project,CVE/Open Source Project,True,urjtag-0.8,,0.991376,0.000000,0.000000,,,
4,3,Safe,php-src__CVE-2015-8617,420,6,164,False,tail_512,2,8.0242919921875,8423,trace-csv::8424,Vulnerable,False,urjtag-0.8,test,dataset/signature_db_Vul_data.csv,592,1,262,0.05084745762711865,"zend_throw_or_error(fetch_type, NULL, """"Class '%s' not found"""", ZSTR_VAL(class_name)); static void zend_throw_or_error(int fetch_type, zend_class_entry *exception_ce, const char *format, ...) zend_vspprintf(&message, ...","while(fgets(line, 1023, stdin)); jtag_readline_multiple_commands_support( line ); nextcmd = strstr(nextcmd, ""::""); /* :: to not confuse ms-dos users ;-) */ r = jtag_parse_line( line ); t = get_token( line ); char *t =...",Open Source Project,CVE/Open Source Project,True,urjtag-0.8,,0.991376,0.000061,0.000230,,,
4,3,Safe,php-src__CVE-2015-8617,420,6,164,False,tail_512,3,8.0487060546875,8558,trace-csv::8559,Vulnerable,False,urjtag-0.8,test,dataset/signature_db_Vul_data.csv,592,1,262,0.05084745762711865,"zend_throw_or_error(fetch_type, NULL, """"Class '%s' not found"""", ZSTR_VAL(class_name)); static void zend_throw_or_error(int fetch_type, zend_class_entry *exception_ce, const char *format, ...) zend_vspprintf(&message, ...","while(fgets(line, 1023, stdin)); jtag_readline_multiple_commands_support( line ); nextcmd = strstr(nextcmd, ""::""); /* :: to not confuse ms-dos users ;-) */ r = jtag_parse_line( line ); t = get_token( line ); char *t =...",Open Source Project,CVE/Open Source Project,True,urjtag-0.8,,0.991350,0.024475,0.000459,,,
4,3,Safe,php-src__CVE-2015-8617,420,6,164,False,tail_512,4,8.0487060546875,8567,trace-csv::8568,Vulnerable,False,urjtag-0.8,test,dataset/signature_db_Vul_data.csv,592,1,262,0.05084745762711865,"zend_throw_or_error(fetch_type, NULL, """"Class '%s' not found"""", ZSTR_VAL(class_name)); static void zend_throw_or_error(int fetch_type, zend_class_entry *exception_ce, const char *format, ...) zend_vspprintf(&message, ...","while(fgets(line, 1023, stdin)); jtag_readline_multiple_commands_support( line ); nextcmd = strstr(nextcmd, ""::""); /* :: to not confuse ms-dos users ;-) */ r = jtag_parse_line( line ); t = get_token( line ); char *t =...",Open Source Project,CVE/Open Source Project,True,urjtag-0.8,,0.991350,0.024475,0.000459,,,
4,3,Safe,php-src__CVE-2015-8617,420,6,164,False,tail_512,5,8.0576171875,8462,trace-csv::8463,Vulnerable,False,urjtag-0.8,test,dataset/signature_db_Vul_data.csv,592,1,262,0.05084745762711865,"zend_throw_or_error(fetch_type, NULL, """"Class '%s' not found"""", ZSTR_VAL(class_name)); static void zend_throw_or_error(int fetch_type, zend_class_entry *exception_ce, const char *format, ...) zend_vspprintf(&message, ...","while(fgets(line, 1023, stdin)); jtag_readline_multiple_commands_support( line ); nextcmd = strstr(nextcmd, ""::""); /* :: to not confuse ms-dos users ;-) */ r = jtag_parse_line( line ); t = get_token( line ); char *t =...",Open Source Project,CVE/Open Source Project,True,urjtag-0.8,,0.991341,0.033386,0.000459,,,
4,3,Safe,php-src__CVE-2015-8617,420,6,164,False,tail_512,6,8.0576171875,8471,trace-csv::8472,Vulnerable,False,urjtag-0.8,test,dataset/signature_db_Vul_data.csv,592,1,262,0.05084745762711865,"zend_throw_or_error(fetch_type, NULL, """"Class '%s' not found"""", ZSTR_VAL(class_name)); static void zend_throw_or_error(int fetch_type, zend_class_entry *exception_ce, const char *format, ...) zend_vspprintf(&message, ...","while(fgets(line, 1023, stdin)); jtag_readline_multiple_commands_support( line ); nextcmd = strstr(nextcmd, ""::""); /* :: to not confuse ms-dos users ;-) */ r = jtag_parse_line( line ); t = get_token( line ); char *t =...",Open Source Project,CVE/Open Source Project,True,urjtag-0.8,,0.991341,0.033386,0.000459,,,
5,4,Vulnerable,spice-vdagent__CVE-2017-15108,666,12,261,False,tail_512,1,6.6778564453125,8414,trace-csv::8415,Vulnerable,True,urjtag-0.8,test,dataset/signature_db_Vul_data.csv,592,1,262,0.028169014084507043,"udscs_do_read(&conn); static void udscs_do_read(struct udscs_connection **conp) udscs_read_complete(connp); conn->read_callback(connp, &conn->header, conn->data.buf); static void daemon_read_complete(struct udscs_conn...","while(fgets(line, 1023, stdin)); jtag_readline_multiple_commands_support( line ); nextcmd = strstr(nextcmd, ""::""); /* :: to not confuse ms-dos users ;-) */ r = jtag_parse_line( line ); t = get_token( line ); char *t =...",Open Source Project,CVE/Open Source Project,True,urjtag-0.8,,0.992776,0.000000,0.000000,,,
5,4,Vulnerable,spice-vdagent__CVE-2017-15108,666,12,261,False,tail_512,2,6.677978515625,8423,trace-csv::8424,Vulnerable,True,urjtag-0.8,test,dataset/signature_db_Vul_data.csv,592,1,262,0.028169014084507043,"udscs_do_read(&conn); static void udscs_do_read(struct udscs_connection **conp) udscs_read_complete(connp); conn->read_callback(connp, &conn->header, conn->data.buf); static void daemon_read_complete(struct udscs_conn...","while(fgets(line, 1023, stdin)); jtag_readline_multiple_commands_support( line ); nextcmd = strstr(nextcmd, ""::""); /* :: to not confuse ms-dos users ;-) */ r = jtag_parse_line( line ); t = get_token( line ); char *t =...",Open Source Project,CVE/Open Source Project,True,urjtag-0.8,,0.992776,0.000122,0.000230,,,
5,4,Vulnerable,spice-vdagent__CVE-2017-15108,666,12,261,False,tail_512,3,6.71307373046875,8567,trace-csv::8568,Vulnerable,True,urjtag-0.8,test,dataset/signature_db_Vul_data.csv,592,1,262,0.028169014084507043,"udscs_do_read(&conn); static void udscs_do_read(struct udscs_connection **conp) udscs_read_complete(connp); conn->read_callback(connp, &conn->header, conn->data.buf); static void daemon_read_complete(struct udscs_conn...","while(fgets(line, 1023, stdin)); jtag_readline_multiple_commands_support( line ); nextcmd = strstr(nextcmd, ""::""); /* :: to not confuse ms-dos users ;-) */ r = jtag_parse_line( line ); t = get_token( line ); char *t =...",Open Source Project,CVE/Open Source Project,True,urjtag-0.8,,0.992738,0.035217,0.000230,,,
5,4,Vulnerable,spice-vdagent__CVE-2017-15108,666,12,261,False,tail_512,4,6.713134765625,8558,trace-csv::8559,Vulnerable,True,urjtag-0.8,test,dataset/signature_db_Vul_data.csv,592,1,262,0.028169014084507043,"udscs_do_read(&conn); static void udscs_do_read(struct udscs_connection **conp) udscs_read_complete(connp); conn->read_callback(connp, &conn->header, conn->data.buf); static void daemon_read_complete(struct udscs_conn...","while(fgets(line, 1023, stdin)); jtag_readline_multiple_commands_support( line ); nextcmd = strstr(nextcmd, ""::""); /* :: to not confuse ms-dos users ;-) */ r = jtag_parse_line( line ); t = get_token( line ); char *t =...",Open Source Project,CVE/Open Source Project,True,urjtag-0.8,,0.992738,0.035278,0.000230,,,
5,4,Vulnerable,spice-vdagent__CVE-2017-15108,666,12,261,False,tail_512,5,6.7200927734375,8462,trace-csv::8463,Vulnerable,True,urjtag-0.8,test,dataset/signature_db_Vul_data.csv,592,1,262,0.028169014084507043,"udscs_do_read(&conn); static void udscs_do_read(struct udscs_connection **conp) udscs_read_complete(connp); conn->read_callback(connp, &conn->header, conn->data.buf); static void daemon_read_complete(struct udscs_conn...","while(fgets(line, 1023, stdin)); jtag_readline_multiple_commands_support( line ); nextcmd = strstr(nextcmd, ""::""); /* :: to not confuse ms-dos users ;-) */ r = jtag_parse_line( line ); t = get_token( line ); char *t =...",Open Source Project,CVE/Open Source Project,True,urjtag-0.8,,0.992731,0.042236,0.000689,,,
5,4,Vulnerable,spice-vdagent__CVE-2017-15108,666,12,261,False,tail_512,6,6.7200927734375,8471,trace-csv::8472,Vulnerable,True,urjtag-0.8,test,dataset/signature_db_Vul_data.csv,592,1,262,0.028169014084507043,"udscs_do_read(&conn); static void udscs_do_read(struct udscs_connection **conp) udscs_read_complete(connp); conn->read_callback(connp, &conn->header, conn->data.buf); static void daemon_read_complete(struct udscs_conn...","while(fgets(line, 1023, stdin)); jtag_readline_multiple_commands_support( line ); nextcmd = strstr(nextcmd, ""::""); /* :: to not confuse ms-dos users ;-) */ r = jtag_parse_line( line ); t = get_token( line ); char *t =...",Open Source Project,CVE/Open Source Project,True,urjtag-0.8,,0.992731,0.042236,0.000689,,,
6,5,Safe,spice-vdagent__CVE-2017-15108,724,12,287,False,tail_512,1,7.0150146484375,8415,trace-csv::8416,Vulnerable,False,urjtag-0.8,test,dataset/signature_db_Vul_data.csv,632,1,277,0.0410958904109589,"udscs_do_read(&conn); static void udscs_do_read(struct udscs_connection **conp) udscs_read_complete(connp); conn->read_callback(connp, &conn->header, conn->data.buf); static void daemon_read_complete(struct udscs_conn...","while(fgets(line, 1023, stdin)); jtag_readline_multiple_commands_support( line ); nextcmd = strstr(nextcmd, ""::""); /* :: to not confuse ms-dos users ;-) */ r = jtag_parse_line( line ); char *nextcmd = line; line = nex...",Open Source Project,CVE/Open Source Project,True,urjtag-0.8,,0.992403,0.000000,0.000000,,,
6,5,Safe,spice-vdagent__CVE-2017-15108,724,12,287,False,tail_512,2,7.03668212890625,8423,trace-csv::8424,Vulnerable,False,urjtag-0.8,test,dataset/signature_db_Vul_data.csv,592,1,262,0.0410958904109589,"udscs_do_read(&conn); static void udscs_do_read(struct udscs_connection **conp) udscs_read_complete(connp); conn->read_callback(connp, &conn->header, conn->data.buf); static void daemon_read_complete(struct udscs_conn...","while(fgets(line, 1023, stdin)); jtag_readline_multiple_commands_support( line ); nextcmd = strstr(nextcmd, ""::""); /* :: to not confuse ms-dos users ;-) */ r = jtag_parse_line( line ); t = get_token( line ); char *t =...",Open Source Project,CVE/Open Source Project,True,urjtag-0.8,,0.992380,0.021667,0.000115,,,
6,5,Safe,spice-vdagent__CVE-2017-15108,724,12,287,False,tail_512,3,7.0367431640625,8414,trace-csv::8415,Vulnerable,False,urjtag-0.8,test,dataset/signature_db_Vul_data.csv,592,1,262,0.0410958904109589,"udscs_do_read(&conn); static void udscs_do_read(struct udscs_connection **conp) udscs_read_complete(connp); conn->read_callback(connp, &conn->header, conn->data.buf); static void daemon_read_complete(struct udscs_conn...","while(fgets(line, 1023, stdin)); jtag_readline_multiple_commands_support( line ); nextcmd = strstr(nextcmd, ""::""); /* :: to not confuse ms-dos users ;-) */ r = jtag_parse_line( line ); t = get_token( line ); char *t =...",Open Source Project,CVE/Open Source Project,True,urjtag-0.8,,0.992380,0.021729,0.000115,,,
6,5,Safe,spice-vdagent__CVE-2017-15108,724,12,287,False,tail_512,4,7.0457763671875,8421,trace-csv::8422,Vulnerable,False,urjtag-0.8,test,dataset/signature_db_Vul_data.csv,628,1,277,0.04054054054054054,"udscs_do_read(&conn); static void udscs_do_read(struct udscs_connection **conp) udscs_read_complete(connp); conn->read_callback(connp, &conn->header, conn->data.buf); static void daemon_read_complete(struct udscs_conn...","while(fgets(line, 1023, stdin)); jtag_readline_multiple_commands_support( line ); nextcmd = strstr(nextcmd, ""::""); /* :: to not confuse ms-dos users ;-) */ r = jtag_parse_line( line ); if (!line || !(strlen( line ) > ...",Open Source Project,CVE/Open Source Project,True,urjtag-0.8,,0.992369,0.030762,0.000344,,,
6,5,Safe,spice-vdagent__CVE-2017-15108,724,12,287,False,tail_512,5,7.06011962890625,8559,trace-csv::8560,Vulnerable,False,urjtag-0.8,test,dataset/signature_db_Vul_data.csv,632,1,277,0.0410958904109589,"udscs_do_read(&conn); static void udscs_do_read(struct udscs_connection **conp) udscs_read_complete(connp); conn->read_callback(connp, &conn->header, conn->data.buf); static void daemon_read_complete(struct udscs_conn...","while(fgets(line, 1023, stdin)); jtag_readline_multiple_commands_support( line ); nextcmd = strstr(nextcmd, ""::""); /* :: to not confuse ms-dos users ;-) */ r = jtag_parse_line( line ); char *nextcmd = line; line = nex...",Open Source Project,CVE/Open Source Project,True,urjtag-0.8,,0.992353,0.045105,0.000459,,,
6,5,Safe,spice-vdagent__CVE-2017-15108,724,12,287,False,tail_512,6,7.0648193359375,8463,trace-csv::8464,Vulnerable,False,urjtag-0.8,test,dataset/signature_db_Vul_data.csv,632,1,277,0.0410958904109589,"udscs_do_read(&conn); static void udscs_do_read(struct udscs_connection **conp) udscs_read_complete(connp); conn->read_callback(connp, &conn->header, conn->data.buf); static void daemon_read_complete(struct udscs_conn...","while(fgets(line, 1023, stdin)); jtag_readline_multiple_commands_support( line ); nextcmd = strstr(nextcmd, ""::""); /* :: to not confuse ms-dos users ;-) */ r = jtag_parse_line( line ); char *nextcmd = line; line = nex...",Open Source Project,CVE/Open Source Project,True,urjtag-0.8,,0.992348,0.049805,0.000574,,,
7,6,Vulnerable,php-src__CVE-2015-8617,429,7,194,False,tail_512,1,6.60400390625,8414,trace-csv::8415,Vulnerable,True,urjtag-0.8,test,dataset/signature_db_Vul_data.csv,592,1,262,0.0625,"size_t len = php_stream_read(s, buf, SAPI_POST_HANDLER_BUFSIZ); smart_str_appendl(&post_data.str, buf, len); if (SUCCESS != add_post_vars(arr, &post_data, 0 TSRMLS_CC)) { static inline int add_post_vars(zval *arr, pos...","while(fgets(line, 1023, stdin)); jtag_readline_multiple_commands_support( line ); nextcmd = strstr(nextcmd, ""::""); /* :: to not confuse ms-dos users ;-) */ r = jtag_parse_line( line ); t = get_token( line ); char *t =...",Open Source Project,CVE/Open Source Project,True,urjtag-0.8,,0.992857,0.000000,0.000230,,,
7,6,Vulnerable,php-src__CVE-2015-8617,429,7,194,False,tail_512,2,6.60400390625,8423,trace-csv::8424,Vulnerable,True,urjtag-0.8,test,dataset/signature_db_Vul_data.csv,592,1,262,0.0625,"size_t len = php_stream_read(s, buf, SAPI_POST_HANDLER_BUFSIZ); smart_str_appendl(&post_data.str, buf, len); if (SUCCESS != add_post_vars(arr, &post_data, 0 TSRMLS_CC)) { static inline int add_post_vars(zval *arr, pos...","while(fgets(line, 1023, stdin)); jtag_readline_multiple_commands_support( line ); nextcmd = strstr(nextcmd, ""::""); /* :: to not confuse ms-dos users ;-) */ r = jtag_parse_line( line ); t = get_token( line ); char *t =...",Open Source Project,CVE/Open Source Project,True,urjtag-0.8,,0.992857,0.000000,0.000230,,,
7,6,Vulnerable,php-src__CVE-2015-8617,429,7,194,False,tail_512,3,6.6090087890625,8462,trace-csv::8463,Vulnerable,True,urjtag-0.8,test,dataset/signature_db_Vul_data.csv,592,1,262,0.0625,"size_t len = php_stream_read(s, buf, SAPI_POST_HANDLER_BUFSIZ); smart_str_appendl(&post_data.str, buf, len); if (SUCCESS != add_post_vars(arr, &post_data, 0 TSRMLS_CC)) { static inline int add_post_vars(zval *arr, pos...","while(fgets(line, 1023, stdin)); jtag_readline_multiple_commands_support( line ); nextcmd = strstr(nextcmd, ""::""); /* :: to not confuse ms-dos users ;-) */ r = jtag_parse_line( line ); t = get_token( line ); char *t =...",Open Source Project,CVE/Open Source Project,True,urjtag-0.8,,0.992851,0.005005,0.000230,,,
7,6,Vulnerable,php-src__CVE-2015-8617,429,7,194,False,tail_512,4,6.6090087890625,8471,trace-csv::8472,Vulnerable,True,urjtag-0.8,test,dataset/signature_db_Vul_data.csv,592,1,262,0.0625,"size_t len = php_stream_read(s, buf, SAPI_POST_HANDLER_BUFSIZ); smart_str_appendl(&post_data.str, buf, len); if (SUCCESS != add_post_vars(arr, &post_data, 0 TSRMLS_CC)) { static inline int add_post_vars(zval *arr, pos...","while(fgets(line, 1023, stdin)); jtag_readline_multiple_commands_support( line ); nextcmd = strstr(nextcmd, ""::""); /* :: to not confuse ms-dos users ;-) */ r = jtag_parse_line( line ); t = get_token( line ); char *t =...",Open Source Project,CVE/Open Source Project,True,urjtag-0.8,,0.992851,0.005005,0.000230,,,
7,6,Vulnerable,php-src__CVE-2015-8617,429,7,194,False,tail_512,5,6.62054443359375,8421,trace-csv::8422,Vulnerable,True,urjtag-0.8,test,dataset/signature_db_Vul_data.csv,628,1,277,0.06153846153846154,"size_t len = php_stream_read(s, buf, SAPI_POST_HANDLER_BUFSIZ); smart_str_appendl(&post_data.str, buf, len); if (SUCCESS != add_post_vars(arr, &post_data, 0 TSRMLS_CC)) { static inline int add_post_vars(zval *arr, pos...","while(fgets(line, 1023, stdin)); jtag_readline_multiple_commands_support( line ); nextcmd = strstr(nextcmd, ""::""); /* :: to not confuse ms-dos users ;-) */ r = jtag_parse_line( line ); if (!line || !(strlen( line ) > ...",Open Source Project,CVE/Open Source Project,True,urjtag-0.8,,0.992836,0.016541,0.000574,,,
7,6,Vulnerable,php-src__CVE-2015-8617,429,7,194,False,tail_512,6,6.6458740234375,8558,trace-csv::8559,Vulnerable,True,urjtag-0.8,test,dataset/signature_db_Vul_data.csv,592,1,262,0.0625,"size_t len = php_stream_read(s, buf, SAPI_POST_HANDLER_BUFSIZ); smart_str_appendl(&post_data.str, buf, len); if (SUCCESS != add_post_vars(arr, &post_data, 0 TSRMLS_CC)) { static inline int add_post_vars(zval *arr, pos...","while(fgets(line, 1023, stdin)); jtag_readline_multiple_commands_support( line ); nextcmd = strstr(nextcmd, ""::""); /* :: to not confuse ms-dos users ;-) */ r = jtag_parse_line( line ); t = get_token( line ); char *t =...",Open Source Project,CVE/Open Source Project,True,urjtag-0.8,,0.992811,0.041870,0.000574,,,
8,7,Safe,php-src__CVE-2015-8617,464,8,205,False,tail_512,1,5.9102783203125,8421,trace-csv::8422,Vulnerable,False,urjtag-0.8,test,dataset/signature_db_Vul_data.csv,628,1,277,0.05970149253731343,"size_t len = php_stream_read(s, buf, SAPI_POST_HANDLER_BUFSIZ); smart_str_appendl(&post_data.str, buf, len); if (SUCCESS != add_post_vars(arr, &post_data, 0 TSRMLS_CC)) { static inline int add_post_vars(zval *arr, pos...","while(fgets(line, 1023, stdin)); jtag_readline_multiple_commands_support( line ); nextcmd = strstr(nextcmd, ""::""); /* :: to not confuse ms-dos users ;-) */ r = jtag_parse_line( line ); if (!line || !(strlen( line ) > ...",Open Source Project,CVE/Open Source Project,True,urjtag-0.8,,0.993607,0.000000,0.000115,,,
8,7,Safe,php-src__CVE-2015-8617,464,8,205,False,tail_512,2,5.9273681640625,8469,trace-csv::8470,Vulnerable,False,urjtag-0.8,test,dataset/signature_db_Vul_data.csv,628,1,277,0.05970149253731343,"size_t len = php_stream_read(s, buf, SAPI_POST_HANDLER_BUFSIZ); smart_str_appendl(&post_data.str, buf, len); if (SUCCESS != add_post_vars(arr, &post_data, 0 TSRMLS_CC)) { static inline int add_post_vars(zval *arr, pos...","while(fgets(line, 1023, stdin)); jtag_readline_multiple_commands_support( line ); nextcmd = strstr(nextcmd, ""::""); /* :: to not confuse ms-dos users ;-) */ r = jtag_parse_line( line ); if (!line || !(strlen( line ) > ...",Open Source Project,CVE/Open Source Project,True,urjtag-0.8,,0.993589,0.017090,0.000115,,,
8,7,Safe,php-src__CVE-2015-8617,464,8,205,False,tail_512,3,5.95184326171875,8462,trace-csv::8463,Vulnerable,False,urjtag-0.8,test,dataset/signature_db_Vul_data.csv,592,1,262,0.06060606060606061,"size_t len = php_stream_read(s, buf, SAPI_POST_HANDLER_BUFSIZ); smart_str_appendl(&post_data.str, buf, len); if (SUCCESS != add_post_vars(arr, &post_data, 0 TSRMLS_CC)) { static inline int add_post_vars(zval *arr, pos...","while(fgets(line, 1023, stdin)); jtag_readline_multiple_commands_support( line ); nextcmd = strstr(nextcmd, ""::""); /* :: to not confuse ms-dos users ;-) */ r = jtag_parse_line( line ); t = get_token( line ); char *t =...",Open Source Project,CVE/Open Source Project,True,urjtag-0.8,,0.993565,0.041565,0.000459,,,
8,7,Safe,php-src__CVE-2015-8617,464,8,205,False,tail_512,4,5.951904296875,8471,trace-csv::8472,Vulnerable,False,urjtag-0.8,test,dataset/signature_db_Vul_data.csv,592,1,262,0.06060606060606061,"size_t len = php_stream_read(s, buf, SAPI_POST_HANDLER_BUFSIZ); smart_str_appendl(&post_data.str, buf, len); if (SUCCESS != add_post_vars(arr, &post_data, 0 TSRMLS_CC)) { static inline int add_post_vars(zval *arr, pos...","while(fgets(line, 1023, stdin)); jtag_readline_multiple_commands_support( line ); nextcmd = strstr(nextcmd, ""::""); /* :: to not confuse ms-dos users ;-) */ r = jtag_parse_line( line ); t = get_token( line ); char *t =...",Open Source Project,CVE/Open Source Project,True,urjtag-0.8,,0.993565,0.041626,0.000459,,,
8,7,Safe,php-src__CVE-2015-8617,464,8,205,False,tail_512,5,5.95758056640625,8414,trace-csv::8415,Vulnerable,False,urjtag-0.8,test,dataset/signature_db_Vul_data.csv,592,1,262,0.06060606060606061,"size_t len = php_stream_read(s, buf, SAPI_POST_HANDLER_BUFSIZ); smart_str_appendl(&post_data.str, buf, len); if (SUCCESS != add_post_vars(arr, &post_data, 0 TSRMLS_CC)) { static inline int add_post_vars(zval *arr, pos...","while(fgets(line, 1023, stdin)); jtag_readline_multiple_commands_support( line ); nextcmd = strstr(nextcmd, ""::""); /* :: to not confuse ms-dos users ;-) */ r = jtag_parse_line( line ); t = get_token( line ); char *t =...",Open Source Project,CVE/Open Source Project,True,urjtag-0.8,,0.993558,0.047302,0.000459,,,
8,7,Safe,php-src__CVE-2015-8617,464,8,205,False,tail_512,6,5.95758056640625,8423,trace-csv::8424,Vulnerable,False,urjtag-0.8,test,dataset/signature_db_Vul_data.csv,592,1,262,0.06060606060606061,"size_t len = php_stream_read(s, buf, SAPI_POST_HANDLER_BUFSIZ); smart_str_appendl(&post_data.str, buf, len); if (SUCCESS != add_post_vars(arr, &post_data, 0 TSRMLS_CC)) { static inline int add_post_vars(zval *arr, pos...","while(fgets(line, 1023, stdin)); jtag_readline_multiple_commands_support( line ); nextcmd = strstr(nextcmd, ""::""); /* :: to not confuse ms-dos users ;-) */ r = jtag_parse_line( line ); t = get_token( line ); char *t =...",Open Source Project,CVE/Open Source Project,True,urjtag-0.8,,0.993558,0.047302,0.000459,,,
9,8,Vulnerable,rsyslog__CVE-2017-12588,569,9,233,False,tail_512,1,6.01324462890625,8421,trace-csv::8422,Vulnerable,True,urjtag-0.8,test,dataset/signature_db_Vul_data.csv,628,1,277,0.02702702702702703,"CHKiRet(actionPrepare(pThis, pWti)); CHKiRet(pThis->pMod->mod.om.createWrkrInstance(&(pWti->actWrkrInfo[pThis->iActionNbr].actWrkrData), pThis->pModData)); CHKiRet(actionCallDoAction(pThis, actParams, pWti)); iRet = p...","while(fgets(line, 1023, stdin)); jtag_readline_multiple_commands_support( line ); nextcmd = strstr(nextcmd, ""::""); /* :: to not confuse ms-dos users ;-) */ r = jtag_parse_line( line ); if (!line || !(strlen( line ) > ...",Open Source Project,CVE/Open Source Project,True,urjtag-0.8,,0.993498,0.000000,0.000115,,,
9,8,Vulnerable,rsyslog__CVE-2017-12588,569,9,233,False,tail_512,2,6.01409912109375,8469,trace-csv::8470,Vulnerable,True,urjtag-0.8,test,dataset/signature_db_Vul_data.csv,628,1,277,0.02702702702702703,"CHKiRet(actionPrepare(pThis, pWti)); CHKiRet(pThis->pMod->mod.om.createWrkrInstance(&(pWti->actWrkrInfo[pThis->iActionNbr].actWrkrData), pThis->pModData)); CHKiRet(actionCallDoAction(pThis, actParams, pWti)); iRet = p...","while(fgets(line, 1023, stdin)); jtag_readline_multiple_commands_support( line ); nextcmd = strstr(nextcmd, ""::""); /* :: to not confuse ms-dos users ;-) */ r = jtag_parse_line( line ); if (!line || !(strlen( line ) > ...",Open Source Project,CVE/Open Source Project,True,urjtag-0.8,,0.993499,0.000854,0.000230,,,
9,8,Vulnerable,rsyslog__CVE-2017-12588,569,9,233,False,tail_512,3,6.0509033203125,8613,trace-csv::8614,Vulnerable,True,urjtag-0.8,test,dataset/signature_db_Vul_data.csv,628,1,277,0.02702702702702703,"CHKiRet(actionPrepare(pThis, pWti)); CHKiRet(pThis->pMod->mod.om.createWrkrInstance(&(pWti->actWrkrInfo[pThis->iActionNbr].actWrkrData), pThis->pModData)); CHKiRet(actionCallDoAction(pThis, actParams, pWti)); iRet = p...","while(fgets(line, 1023, stdin)); jtag_readline_multiple_commands_support( line ); nextcmd = strstr(nextcmd, ""::""); /* :: to not confuse ms-dos users ;-) */ r = jtag_parse_line( line ); if (!line || !(strlen( line ) > ...",Open Source Project,CVE/Open Source Project,True,urjtag-0.8,,0.993459,0.037659,0.000459,,,
9,8,Vulnerable,rsyslog__CVE-2017-12588,569,9,233,False,tail_512,4,6.05096435546875,8565,trace-csv::8566,Vulnerable,True,urjtag-0.8,test,dataset/signature_db_Vul_data.csv,628,1,277,0.02702702702702703,"CHKiRet(actionPrepare(pThis, pWti)); CHKiRet(pThis->pMod->mod.om.createWrkrInstance(&(pWti->actWrkrInfo[pThis->iActionNbr].actWrkrData), pThis->pModData)); CHKiRet(actionCallDoAction(pThis, actParams, pWti)); iRet = p...","while(fgets(line, 1023, stdin)); jtag_readline_multiple_commands_support( line ); nextcmd = strstr(nextcmd, ""::""); /* :: to not confuse ms-dos users ;-) */ r = jtag_parse_line( line ); if (!line || !(strlen( line ) > ...",Open Source Project,CVE/Open Source Project,True,urjtag-0.8,,0.993458,0.037720,0.000459,,,
9,8,Vulnerable,rsyslog__CVE-2017-12588,569,9,233,False,tail_512,5,6.0899658203125,8517,trace-csv::8518,Vulnerable,True,urjtag-0.8,test,dataset/signature_db_Vul_data.csv,625,1,276,0.0273972602739726,"CHKiRet(actionPrepare(pThis, pWti)); CHKiRet(pThis->pMod->mod.om.createWrkrInstance(&(pWti->actWrkrInfo[pThis->iActionNbr].actWrkrData), pThis->pModData)); CHKiRet(actionCallDoAction(pThis, actParams, pWti)); iRet = p...","while(fgets(line, 1023, stdin)); jtag_readline_multiple_commands_support( line ); nextcmd = strstr(nextcmd, ""::""); /* :: to not confuse ms-dos users ;-) */ r = jtag_parse_line( line ); if (!line || !(strlen( line ) > ...",Open Source Project,CVE/Open Source Project,True,urjtag-0.8,,0.993413,0.076721,0.000574,,,
9,8,Vulnerable,rsyslog__CVE-2017-12588,569,9,233,False,tail_512,6,6.12738037109375,8661,trace-csv::8662,Vulnerable,True,urjtag-0.8,test,dataset/signature_db_Vul_data.csv,625,1,276,0.0273972602739726,"CHKiRet(actionPrepare(pThis, pWti)); CHKiRet(pThis->pMod->mod.om.createWrkrInstance(&(pWti->actWrkrInfo[pThis->iActionNbr].actWrkrData), pThis->pModData)); CHKiRet(actionCallDoAction(pThis, actParams, pWti)); iRet = p...","while(fgets(line, 1023, stdin)); jtag_readline_multiple_commands_support( line ); nextcmd = strstr(nextcmd, ""::""); /* :: to not confuse ms-dos users ;-) */ r = jtag_parse_line( line ); if (!line || !(strlen( line ) > ...",Open Source Project,CVE/Open Source Project,True,urjtag-0.8,,0.993374,0.114136,0.000689,,,
10,9,Safe,rsyslog__CVE-2017-12588,577,9,238,False,tail_512,1,5.97491455078125,8421,trace-csv::8422,Vulnerable,False,urjtag-0.8,test,dataset/signature_db_Vul_data.csv,628,1,277,0.02702702702702703,"CHKiRet(actionPrepare(pThis, pWti)); CHKiRet(pThis->pMod->mod.om.createWrkrInstance(&(pWti->actWrkrInfo[pThis->iActionNbr].actWrkrData), pThis->pModData)); CHKiRet(actionCallDoAction(pThis, actParams, pWti)); iRet = p...","while(fgets(line, 1023, stdin)); jtag_readline_multiple_commands_support( line ); nextcmd = strstr(nextcmd, ""::""); /* :: to not confuse ms-dos users ;-) */ r = jtag_parse_line( line ); if (!line || !(strlen( line ) > ...",Open Source Project,CVE/Open Source Project,True,urjtag-0.8,,0.993545,0.000000,0.000000,,,
10,9,Safe,rsyslog__CVE-2017-12588,577,9,238,False,tail_512,2,5.97705078125,8469,trace-csv::8470,Vulnerable,False,urjtag-0.8,test,dataset/signature_db_Vul_data.csv,628,1,277,0.02702702702702703,"CHKiRet(actionPrepare(pThis, pWti)); CHKiRet(pThis->pMod->mod.om.createWrkrInstance(&(pWti->actWrkrInfo[pThis->iActionNbr].actWrkrData), pThis->pModData)); CHKiRet(actionCallDoAction(pThis, actParams, pWti)); iRet = p...","while(fgets(line, 1023, stdin)); jtag_readline_multiple_commands_support( line ); nextcmd = strstr(nextcmd, ""::""); /* :: to not confuse ms-dos users ;-) */ r = jtag_parse_line( line ); if (!line || !(strlen( line ) > ...",Open Source Project,CVE/Open Source Project,True,urjtag-0.8,,0.993544,0.002136,0.000115,,,
10,9,Safe,rsyslog__CVE-2017-12588,577,9,238,False,tail_512,3,6.0118408203125,8565,trace-csv::8566,Vulnerable,False,urjtag-0.8,test,dataset/signature_db_Vul_data.csv,628,1,277,0.02702702702702703,"CHKiRet(actionPrepare(pThis, pWti)); CHKiRet(pThis->pMod->mod.om.createWrkrInstance(&(pWti->actWrkrInfo[pThis->iActionNbr].actWrkrData), pThis->pModData)); CHKiRet(actionCallDoAction(pThis, actParams, pWti)); iRet = p...","while(fgets(line, 1023, stdin)); jtag_readline_multiple_commands_support( line ); nextcmd = strstr(nextcmd, ""::""); /* :: to not confuse ms-dos users ;-) */ r = jtag_parse_line( line ); if (!line || !(strlen( line ) > ...",Open Source Project,CVE/Open Source Project,True,urjtag-0.8,,0.993506,0.036926,0.000230,,,
10,9,Safe,rsyslog__CVE-2017-12588,577,9,238,False,tail_512,4,6.0140380859375,8613,trace-csv::8614,Vulnerable,False,urjtag-0.8,test,dataset/signature_db_Vul_data.csv,628,1,277,0.02702702702702703,"CHKiRet(actionPrepare(pThis, pWti)); CHKiRet(pThis->pMod->mod.om.createWrkrInstance(&(pWti->actWrkrInfo[pThis->iActionNbr].actWrkrData), pThis->pModData)); CHKiRet(actionCallDoAction(pThis, actParams, pWti)); iRet = p...","while(fgets(line, 1023, stdin)); jtag_readline_multiple_commands_support( line ); nextcmd = strstr(nextcmd, ""::""); /* :: to not confuse ms-dos users ;-) */ r = jtag_parse_line( line ); if (!line || !(strlen( line ) > ...",Open Source Project,CVE/Open Source Project,True,urjtag-0.8,,0.993504,0.039124,0.000344,,,
10,9,Safe,rsyslog__CVE-2017-12588,577,9,238,False,tail_512,5,6.05035400390625,8517,trace-csv::8518,Vulnerable,False,urjtag-0.8,test,dataset/signature_db_Vul_data.csv,625,1,276,0.0273972602739726,"CHKiRet(actionPrepare(pThis, pWti)); CHKiRet(pThis->pMod->mod.om.createWrkrInstance(&(pWti->actWrkrInfo[pThis->iActionNbr].actWrkrData), pThis->pModData)); CHKiRet(actionCallDoAction(pThis, actParams, pWti)); iRet = p...","while(fgets(line, 1023, stdin)); jtag_readline_multiple_commands_support( line ); nextcmd = strstr(nextcmd, ""::""); /* :: to not confuse ms-dos users ;-) */ r = jtag_parse_line( line ); if (!line || !(strlen( line ) > ...",Open Source Project,CVE/Open Source Project,True,urjtag-0.8,,0.993461,0.075439,0.000574,,,
10,9,Safe,rsyslog__CVE-2017-12588,577,9,238,False,tail_512,6,6.08795166015625,8661,trace-csv::8662,Vulnerable,False,urjtag-0.8,test,dataset/signature_db_Vul_data.csv,625,1,276,0.0273972602739726,"CHKiRet(actionPrepare(pThis, pWti)); CHKiRet(pThis->pMod->mod.om.createWrkrInstance(&(pWti->actWrkrInfo[pThis->iActionNbr].actWrkrData), pThis->pModData)); CHKiRet(actionCallDoAction(pThis, actParams, pWti)); iRet = p...","while(fgets(line, 1023, stdin)); jtag_readline_multiple_commands_support( line ); nextcmd = strstr(nextcmd, ""::""); /* :: to not confuse ms-dos users ;-) */ r = jtag_parse_line( line ); if (!line || !(strlen( line ) > ...",Open Source Project,CVE/Open Source Project,True,urjtag-0.8,,0.993421,0.113037,0.000689,,,
11,10,Vulnerable,plasma-workspace__CVE-2018-6791,704,12,213,False,tail_512,1,7.485595703125,8414,trace-csv::8415,Vulnerable,True,urjtag-0.8,test,dataset/signature_db_Vul_data.csv,592,1,262,0.0,"void SolidUiServer::showActionsDialog(const QString &udi, const QStringList &desktopFiles) foreach (const QString &desktop, desktopFiles) { const QString filePath = QStandardPaths::locate(QStandardPaths::GenericDataLo...","while(fgets(line, 1023, stdin)); jtag_readline_multiple_commands_support( line ); nextcmd = strstr(nextcmd, ""::""); /* :: to not confuse ms-dos users ;-) */ r = jtag_parse_line( line ); t = get_token( line ); char *t =...",Open Source Project,CVE/Open Source Project,True,urjtag-0.8,,0.991935,0.000000,0.000000,,,
11,10,Vulnerable,plasma-workspace__CVE-2018-6791,704,12,213,False,tail_512,2,7.48565673828125,8423,trace-csv::8424,Vulnerable,True,urjtag-0.8,test,dataset/signature_db_Vul_data.csv,592,1,262,0.0,"void SolidUiServer::showActionsDialog(const QString &udi, const QStringList &desktopFiles) foreach (const QString &desktop, desktopFiles) { const QString filePath = QStandardPaths::locate(QStandardPaths::GenericDataLo...","while(fgets(line, 1023, stdin)); jtag_readline_multiple_commands_support( line ); nextcmd = strstr(nextcmd, ""::""); /* :: to not confuse ms-dos users ;-) */ r = jtag_parse_line( line ); t = get_token( line ); char *t =...",Open Source Project,CVE/Open Source Project,True,urjtag-0.8,,0.991935,0.000061,0.000230,,,
11,10,Vulnerable,plasma-workspace__CVE-2018-6791,704,12,213,False,tail_512,3,7.49163818359375,8558,trace-csv::8559,Vulnerable,True,urjtag-0.8,test,dataset/signature_db_Vul_data.csv,592,1,262,0.0,"void SolidUiServer::showActionsDialog(const QString &udi, const QStringList &desktopFiles) foreach (const QString &desktop, desktopFiles) { const QString filePath = QStandardPaths::locate(QStandardPaths::GenericDataLo...","while(fgets(line, 1023, stdin)); jtag_readline_multiple_commands_support( line ); nextcmd = strstr(nextcmd, ""::""); /* :: to not confuse ms-dos users ;-) */ r = jtag_parse_line( line ); t = get_token( line ); char *t =...",Open Source Project,CVE/Open Source Project,True,urjtag-0.8,,0.991929,0.006042,0.000459,,,
11,10,Vulnerable,plasma-workspace__CVE-2018-6791,704,12,213,False,tail_512,4,7.49163818359375,8567,trace-csv::8568,Vulnerable,True,urjtag-0.8,test,dataset/signature_db_Vul_data.csv,592,1,262,0.0,"void SolidUiServer::showActionsDialog(const QString &udi, const QStringList &desktopFiles) foreach (const QString &desktop, desktopFiles) { const QString filePath = QStandardPaths::locate(QStandardPaths::GenericDataLo...","while(fgets(line, 1023, stdin)); jtag_readline_multiple_commands_support( line ); nextcmd = strstr(nextcmd, ""::""); /* :: to not confuse ms-dos users ;-) */ r = jtag_parse_line( line ); t = get_token( line ); char *t =...",Open Source Project,CVE/Open Source Project,True,urjtag-0.8,,0.991929,0.006042,0.000459,,,
11,10,Vulnerable,plasma-workspace__CVE-2018-6791,704,12,213,False,tail_512,5,7.5294189453125,8462,trace-csv::8463,Vulnerable,True,urjtag-0.8,test,dataset/signature_db_Vul_data.csv,592,1,262,0.0,"void SolidUiServer::showActionsDialog(const QString &udi, const QStringList &desktopFiles) foreach (const QString &desktop, desktopFiles) { const QString filePath = QStandardPaths::locate(QStandardPaths::GenericDataLo...","while(fgets(line, 1023, stdin)); jtag_readline_multiple_commands_support( line ); nextcmd = strstr(nextcmd, ""::""); /* :: to not confuse ms-dos users ;-) */ r = jtag_parse_line( line ); t = get_token( line ); char *t =...",Open Source Project,CVE/Open Source Project,True,urjtag-0.8,,0.991889,0.043823,0.000689,,,
11,10,Vulnerable,plasma-workspace__CVE-2018-6791,704,12,213,False,tail_512,6,7.5294189453125,8471,trace-csv::8472,Vulnerable,True,urjtag-0.8,test,dataset/signature_db_Vul_data.csv,592,1,262,0.0,"void SolidUiServer::showActionsDialog(const QString &udi, const QStringList &desktopFiles) foreach (const QString &desktop, desktopFiles) { const QString filePath = QStandardPaths::locate(QStandardPaths::GenericDataLo...","while(fgets(line, 1023, stdin)); jtag_readline_multiple_commands_support( line ); nextcmd = strstr(nextcmd, ""::""); /* :: to not confuse ms-dos users ;-) */ r = jtag_parse_line( line ); t = get_token( line ); char *t =...",Open Source Project,CVE/Open Source Project,True,urjtag-0.8,,0.991889,0.043823,0.000689,,,
12,11,Safe,plasma-workspace__CVE-2018-6791,714,12,215,False,tail_512,1,7.38189697265625,8423,trace-csv::8424,Vulnerable,False,urjtag-0.8,test,dataset/signature_db_Vul_data.csv,592,1,262,0.0,"void SolidUiServer::showActionsDialog(const QString &udi, const QStringList &desktopFiles) foreach (const QString &desktop, desktopFiles) { const QString filePath = QStandardPaths::locate(QStandardPaths::GenericDataLo...","while(fgets(line, 1023, stdin)); jtag_readline_multiple_commands_support( line ); nextcmd = strstr(nextcmd, ""::""); /* :: to not confuse ms-dos users ;-) */ r = jtag_parse_line( line ); t = get_token( line ); char *t =...",Open Source Project,CVE/Open Source Project,True,urjtag-0.8,,0.992045,0.000000,0.000000,,,
12,11,Safe,plasma-workspace__CVE-2018-6791,714,12,215,False,tail_512,2,7.3819580078125,8414,trace-csv::8415,Vulnerable,False,urjtag-0.8,test,dataset/signature_db_Vul_data.csv,592,1,262,0.0,"void SolidUiServer::showActionsDialog(const QString &udi, const QStringList &desktopFiles) foreach (const QString &desktop, desktopFiles) { const QString filePath = QStandardPaths::locate(QStandardPaths::GenericDataLo...","while(fgets(line, 1023, stdin)); jtag_readline_multiple_commands_support( line ); nextcmd = strstr(nextcmd, ""::""); /* :: to not confuse ms-dos users ;-) */ r = jtag_parse_line( line ); t = get_token( line ); char *t =...",Open Source Project,CVE/Open Source Project,True,urjtag-0.8,,0.992045,0.000061,0.000000,,,
12,11,Safe,plasma-workspace__CVE-2018-6791,714,12,215,False,tail_512,3,7.38751220703125,8567,trace-csv::8568,Vulnerable,False,urjtag-0.8,test,dataset/signature_db_Vul_data.csv,592,1,262,0.0,"void SolidUiServer::showActionsDialog(const QString &udi, const QStringList &desktopFiles) foreach (const QString &desktop, desktopFiles) { const QString filePath = QStandardPaths::locate(QStandardPaths::GenericDataLo...","while(fgets(line, 1023, stdin)); jtag_readline_multiple_commands_support( line ); nextcmd = strstr(nextcmd, ""::""); /* :: to not confuse ms-dos users ;-) */ r = jtag_parse_line( line ); t = get_token( line ); char *t =...",Open Source Project,CVE/Open Source Project,True,urjtag-0.8,,0.992040,0.005615,0.000459,,,
12,11,Safe,plasma-workspace__CVE-2018-6791,714,12,215,False,tail_512,4,7.38763427734375,8558,trace-csv::8559,Vulnerable,False,urjtag-0.8,test,dataset/signature_db_Vul_data.csv,592,1,262,0.0,"void SolidUiServer::showActionsDialog(const QString &udi, const QStringList &desktopFiles) foreach (const QString &desktop, desktopFiles) { const QString filePath = QStandardPaths::locate(QStandardPaths::GenericDataLo...","while(fgets(line, 1023, stdin)); jtag_readline_multiple_commands_support( line ); nextcmd = strstr(nextcmd, ""::""); /* :: to not confuse ms-dos users ;-) */ r = jtag_parse_line( line ); t = get_token( line ); char *t =...",Open Source Project,CVE/Open Source Project,True,urjtag-0.8,,0.992040,0.005737,0.000459,,,
12,11,Safe,plasma-workspace__CVE-2018-6791,714,12,215,False,tail_512,5,7.42718505859375,8462,trace-csv::8463,Vulnerable,False,urjtag-0.8,test,dataset/signature_db_Vul_data.csv,592,1,262,0.0,"void SolidUiServer::showActionsDialog(const QString &udi, const QStringList &desktopFiles) foreach (const QString &desktop, desktopFiles) { const QString filePath = QStandardPaths::locate(QStandardPaths::GenericDataLo...","while(fgets(line, 1023, stdin)); jtag_readline_multiple_commands_support( line ); nextcmd = strstr(nextcmd, ""::""); /* :: to not confuse ms-dos users ;-) */ r = jtag_parse_line( line ); t = get_token( line ); char *t =...",Open Source Project,CVE/Open Source Project,True,urjtag-0.8,,0.991997,0.045288,0.000459,,,
12,11,Safe,plasma-workspace__CVE-2018-6791,714,12,215,False,tail_512,6,7.42718505859375,8471,trace-csv::8472,Vulnerable,False,urjtag-0.8,test,dataset/signature_db_Vul_data.csv,592,1,262,0.0,"void SolidUiServer::showActionsDialog(const QString &udi, const QStringList &desktopFiles) foreach (const QString &desktop, desktopFiles) { const QString filePath = QStandardPaths::locate(QStandardPaths::GenericDataLo...","while(fgets(line, 1023, stdin)); jtag_readline_multiple_commands_support( line ); nextcmd = strstr(nextcmd, ""::""); /* :: to not confuse ms-dos users ;-) */ r = jtag_parse_line( line ); t = get_token( line ); char *t =...",Open Source Project,CVE/Open Source Project,True,urjtag-0.8,,0.991997,0.045288,0.000459,,,
13,12,Vulnerable,shadowsocks-libev__CVE-2017-15924,498,7,179,False,tail_512,1,4.616455078125,8414,trace-csv::8415,Vulnerable,True,urjtag-0.8,test,dataset/signature_db_Vul_data.csv,592,1,262,0.06153846153846154,"r = recvfrom(manager->fd, buf, BUF_SIZE, 0, (struct sockaddr *)&claddr, &len); struct server *server = get_server(buf, r); int ret = add_server(manager, server); char *cmd = construct_command_line(manager, server); if...","while(fgets(line, 1023, stdin)); jtag_readline_multiple_commands_support( line ); nextcmd = strstr(nextcmd, ""::""); /* :: to not confuse ms-dos users ;-) */ r = jtag_parse_line( line ); t = get_token( line ); char *t =...",Open Source Project,CVE/Open Source Project,True,urjtag-0.8,,0.994906,0.000000,0.000000,,,
13,12,Vulnerable,shadowsocks-libev__CVE-2017-15924,498,7,179,False,tail_512,2,4.616455078125,8423,trace-csv::8424,Vulnerable,True,urjtag-0.8,test,dataset/signature_db_Vul_data.csv,592,1,262,0.06153846153846154,"r = recvfrom(manager->fd, buf, BUF_SIZE, 0, (struct sockaddr *)&claddr, &len); struct server *server = get_server(buf, r); int ret = add_server(manager, server); char *cmd = construct_command_line(manager, server); if...","while(fgets(line, 1023, stdin)); jtag_readline_multiple_commands_support( line ); nextcmd = strstr(nextcmd, ""::""); /* :: to not confuse ms-dos users ;-) */ r = jtag_parse_line( line ); t = get_token( line ); char *t =...",Open Source Project,CVE/Open Source Project,True,urjtag-0.8,,0.994906,0.000000,0.000000,,,
13,12,Vulnerable,shadowsocks-libev__CVE-2017-15924,498,7,179,False,tail_512,3,4.6422119140625,8558,trace-csv::8559,Vulnerable,True,urjtag-0.8,test,dataset/signature_db_Vul_data.csv,592,1,262,0.06153846153846154,"r = recvfrom(manager->fd, buf, BUF_SIZE, 0, (struct sockaddr *)&claddr, &len); struct server *server = get_server(buf, r); int ret = add_server(manager, server); char *cmd = construct_command_line(manager, server); if...","while(fgets(line, 1023, stdin)); jtag_readline_multiple_commands_support( line ); nextcmd = strstr(nextcmd, ""::""); /* :: to not confuse ms-dos users ;-) */ r = jtag_parse_line( line ); t = get_token( line ); char *t =...",Open Source Project,CVE/Open Source Project,True,urjtag-0.8,,0.994877,0.025757,0.000230,,,
13,12,Vulnerable,shadowsocks-libev__CVE-2017-15924,498,7,179,False,tail_512,4,4.64227294921875,8567,trace-csv::8568,Vulnerable,True,urjtag-0.8,test,dataset/signature_db_Vul_data.csv,592,1,262,0.06153846153846154,"r = recvfrom(manager->fd, buf, BUF_SIZE, 0, (struct sockaddr *)&claddr, &len); struct server *server = get_server(buf, r); int ret = add_server(manager, server); char *cmd = construct_command_line(manager, server); if...","while(fgets(line, 1023, stdin)); jtag_readline_multiple_commands_support( line ); nextcmd = strstr(nextcmd, ""::""); /* :: to not confuse ms-dos users ;-) */ r = jtag_parse_line( line ); t = get_token( line ); char *t =...",Open Source Project,CVE/Open Source Project,True,urjtag-0.8,,0.994877,0.025818,0.000344,,,
13,12,Vulnerable,shadowsocks-libev__CVE-2017-15924,498,7,179,False,tail_512,5,4.65057373046875,8471,trace-csv::8472,Vulnerable,True,urjtag-0.8,test,dataset/signature_db_Vul_data.csv,592,1,262,0.06153846153846154,"r = recvfrom(manager->fd, buf, BUF_SIZE, 0, (struct sockaddr *)&claddr, &len); struct server *server = get_server(buf, r); int ret = add_server(manager, server); char *cmd = construct_command_line(manager, server); if...","while(fgets(line, 1023, stdin)); jtag_readline_multiple_commands_support( line ); nextcmd = strstr(nextcmd, ""::""); /* :: to not confuse ms-dos users ;-) */ r = jtag_parse_line( line ); t = get_token( line ); char *t =...",Open Source Project,CVE/Open Source Project,True,urjtag-0.8,,0.994867,0.034119,0.000689,,,
13,12,Vulnerable,shadowsocks-libev__CVE-2017-15924,498,7,179,False,tail_512,6,4.650634765625,8462,trace-csv::8463,Vulnerable,True,urjtag-0.8,test,dataset/signature_db_Vul_data.csv,592,1,262,0.06153846153846154,"r = recvfrom(manager->fd, buf, BUF_SIZE, 0, (struct sockaddr *)&claddr, &len); struct server *server = get_server(buf, r); int ret = add_server(manager, server); char *cmd = construct_command_line(manager, server); if...","while(fgets(line, 1023, stdin)); jtag_readline_multiple_commands_support( line ); nextcmd = strstr(nextcmd, ""::""); /* :: to not confuse ms-dos users ;-) */ r = jtag_parse_line( line ); t = get_token( line ); char *t =...",Open Source Project,CVE/Open Source Project,True,urjtag-0.8,,0.994867,0.034180,0.000689,,,
14,13,Safe,shadowsocks-libev__CVE-2017-15924,397,5,143,False,tail_512,1,6.09796142578125,6562,trace-csv::6563,Vulnerable,False,CWE680_64-CWE680_Integer_Overflow_to_Buffer_Overflow__malloc_fscanf,test,dataset/signature_db_Vul_data.csv,188,1,83,0.029411764705882353,"r = recvfrom(manager->fd, buf, BUF_SIZE, 0, (struct sockaddr *)&claddr, &len); struct server *server = get_server(buf, r); int ret = add_server(manager, server); char *cmd = construct_command_line(manager, server); sn...","fscanf(stdin, ""%d"", &data); CWE680_Integer_Overflow_to_Buffer_Overflow__malloc_fscanf_64b_badSink(&data); int data = (*dataPtr); intPointer = (int*)malloc(data * sizeof(int));",Juliet,Juliet,False,CWE680_64-CWE680_Integer_Overflow_to_Buffer_Overflow__malloc_fscanf,,0.993236,0.000000,0.000000,,CWE-680,
14,13,Safe,shadowsocks-libev__CVE-2017-15924,397,5,143,False,tail_512,2,6.419677734375,6554,trace-csv::6555,Vulnerable,False,CWE680_63-CWE680_Integer_Overflow_to_Buffer_Overflow__malloc_fscanf,test,dataset/signature_db_Vul_data.csv,186,1,83,0.029411764705882353,"r = recvfrom(manager->fd, buf, BUF_SIZE, 0, (struct sockaddr *)&claddr, &len); struct server *server = get_server(buf, r); int ret = add_server(manager, server); char *cmd = construct_command_line(manager, server); sn...","fscanf(stdin, ""%d"", &data); CWE680_Integer_Overflow_to_Buffer_Overflow__malloc_fscanf_63b_badSink(&data); int data = *dataPtr; intPointer = (int*)malloc(data * sizeof(int));",Juliet,Juliet,False,CWE680_63-CWE680_Integer_Overflow_to_Buffer_Overflow__malloc_fscanf,,0.992881,0.321716,0.000115,,CWE-680,
14,13,Safe,shadowsocks-libev__CVE-2017-15924,397,5,143,False,tail_512,3,6.6904296875,8069,trace-csv::8070,Vulnerable,False,autotrace-20200219.65,test,dataset/signature_db_Vul_data.csv,398,1,153,0.04,"r = recvfrom(manager->fd, buf, BUF_SIZE, 0, (struct sockaddr *)&claddr, &len); struct server *server = get_server(buf, r); int ret = add_server(manager, server); char *cmd = construct_command_line(manager, server); sn...","if (!ReadOK(fd, buffer, 8)) { Bitmap_Head.biWidth = ToS(&buffer[0x00]); /* 12 */ return ((short)(puffer[0] | puffer[1] << 8)); if ((Bitmap_Head.biHeight == 0 || Bitmap_Head.biWidth == 0) image_storage = ReadImage(fd, ...",Open Source Project,CVE/Open Source Project,True,autotrace-20200219.65,,0.992552,0.592468,0.000459,,,
14,13,Safe,shadowsocks-libev__CVE-2017-15924,397,5,143,False,tail_512,4,6.6904296875,8072,trace-csv::8073,Vulnerable,False,autotrace-20200219.65,test,dataset/signature_db_Vul_data.csv,398,1,153,0.04,"r = recvfrom(manager->fd, buf, BUF_SIZE, 0, (struct sockaddr *)&claddr, &len); struct server *server = get_server(buf, r); int ret = add_server(manager, server); char *cmd = construct_command_line(manager, server); sn...","if (!ReadOK(fd, buffer, 8)) { Bitmap_Head.biWidth = ToS(&buffer[0x00]); /* 12 */ return ((short)(puffer[0] | puffer[1] << 8)); if ((Bitmap_Head.biHeight == 0 || Bitmap_Head.biWidth == 0) image_storage = ReadImage(fd, ...",Open Source Project,CVE/Open Source Project,True,autotrace-20200219.65,,0.992552,0.592468,0.000459,,,
14,13,Safe,shadowsocks-libev__CVE-2017-15924,397,5,143,False,tail_512,5,6.74053955078125,8066,trace-csv::8067,Vulnerable,False,autotrace-20200219.65,test,dataset/signature_db_Vul_data.csv,398,1,153,0.04,"r = recvfrom(manager->fd, buf, BUF_SIZE, 0, (struct sockaddr *)&claddr, &len); struct server *server = get_server(buf, r); int ret = add_server(manager, server); char *cmd = construct_command_line(manager, server); sn...","if (!ReadOK(fd, buffer, 8)) { Bitmap_Head.biWidth = ToS(&buffer[0x00]); /* 12 */ return ((short)(puffer[0] | puffer[1] << 8)); if ((Bitmap_Head.biHeight == 0 || Bitmap_Head.biWidth == 0) image_storage = ReadImage(fd, ...",Open Source Project,CVE/Open Source Project,True,autotrace-20200219.65,,0.992496,0.642578,0.000459,,,
14,13,Safe,shadowsocks-libev__CVE-2017-15924,397,5,143,False,tail_512,6,6.82122802734375,6474,trace-csv::6475,Vulnerable,False,CWE680_41-CWE680_Integer_Overflow_to_Buffer_Overflow__malloc_fscanf,test,dataset/signature_db_Vul_data.csv,160,1,72,0.030303030303030304,"r = recvfrom(manager->fd, buf, BUF_SIZE, 0, (struct sockaddr *)&claddr, &len); struct server *server = get_server(buf, r); int ret = add_server(manager, server); char *cmd = construct_command_line(manager, server); sn...","fscanf(stdin, ""%d"", &data); CWE680_Integer_Overflow_to_Buffer_Overflow__malloc_fscanf_41_badSink(data); intPointer = (int*)malloc(data * sizeof(int));",Juliet,Juliet,False,CWE680_41-CWE680_Integer_Overflow_to_Buffer_Overflow__malloc_fscanf,,0.992405,0.723267,0.000689,,CWE-680,
15,14,Vulnerable,openjpeg__CVE-2019-12973,1781,31,889,True,tail_512,1,10.618896484375,8228,trace-csv::8229,Vulnerable,True,sam2p-0.49.4,test,dataset/signature_db_Vul_data.csv,578,1,257,0.03278688524590164,"image = bmptoimage(parameters.infile, &parameters); opj_image_t* bmptoimage(const char *filename, opj_cparameters_t *parameters) IN = fopen(filename, """"rb""""); if (!bmp_read_info_header(IN, &Info_h)) { static OPJ_BOOL ...","if (!ReadOK (fd, buffer, Bitmap_File_Head.biSize - 4)) Bitmap_Head.biHeight =ToL (&buffer[0x04]); /* 16 */ Bitmap_Head.biBitCnt =ToS (&buffer[0x0A]); /* 1C */ return ((short)(puffer[0] | puffer[1]<<8)); if ((Bitmap_He...",Open Source Project,CVE/Open Source Project,True,sam2p-0.49.4,,0.988419,0.000000,0.000230,,,
15,14,Vulnerable,openjpeg__CVE-2019-12973,1781,31,889,True,tail_512,2,10.618896484375,8276,trace-csv::8277,Vulnerable,True,sam2p-0.49.4,test,dataset/signature_db_Vul_data.csv,578,1,257,0.03278688524590164,"image = bmptoimage(parameters.infile, &parameters); opj_image_t* bmptoimage(const char *filename, opj_cparameters_t *parameters) IN = fopen(filename, """"rb""""); if (!bmp_read_info_header(IN, &Info_h)) { static OPJ_BOOL ...","if (!ReadOK (fd, buffer, Bitmap_File_Head.biSize - 4)) Bitmap_Head.biHeight =ToL (&buffer[0x04]); /* 16 */ Bitmap_Head.biBitCnt =ToS (&buffer[0x0A]); /* 1C */ return ((short)(puffer[0] | puffer[1]<<8)); if ((Bitmap_He...",Open Source Project,CVE/Open Source Project,True,sam2p-0.49.4,,0.988419,0.000000,0.000230,,,
15,14,Vulnerable,openjpeg__CVE-2019-12973,1781,31,889,True,tail_512,3,10.62255859375,8230,trace-csv::8231,Vulnerable,True,sam2p-0.49.4,test,dataset/signature_db_Vul_data.csv,642,1,291,0.03225806451612903,"image = bmptoimage(parameters.infile, &parameters); opj_image_t* bmptoimage(const char *filename, opj_cparameters_t *parameters) IN = fopen(filename, """"rb""""); if (!bmp_read_info_header(IN, &Info_h)) { static OPJ_BOOL ...","if (!ReadOK (fd, buffer, Bitmap_File_Head.biSize - 4)) Bitmap_Head.biHeight =ToL (&buffer[0x04]); /* 16 */ Bitmap_Head.biPlanes =ToS (&buffer[0x08]); /* 1A */ Bitmap_Head.biBitCnt =ToS (&buffer[0x0A]); /* 1C */ return...",Open Source Project,CVE/Open Source Project,True,sam2p-0.49.4,,0.988425,0.003662,0.000459,,,
15,14,Vulnerable,openjpeg__CVE-2019-12973,1781,31,889,True,tail_512,4,10.62255859375,8278,trace-csv::8279,Vulnerable,True,sam2p-0.49.4,test,dataset/signature_db_Vul_data.csv,642,1,291,0.03225806451612903,"image = bmptoimage(parameters.infile, &parameters); opj_image_t* bmptoimage(const char *filename, opj_cparameters_t *parameters) IN = fopen(filename, """"rb""""); if (!bmp_read_info_header(IN, &Info_h)) { static OPJ_BOOL ...","if (!ReadOK (fd, buffer, Bitmap_File_Head.biSize - 4)) Bitmap_Head.biHeight =ToL (&buffer[0x04]); /* 16 */ Bitmap_Head.biPlanes =ToS (&buffer[0x08]); /* 1A */ Bitmap_Head.biBitCnt =ToS (&buffer[0x0A]); /* 1C */ return...",Open Source Project,CVE/Open Source Project,True,sam2p-0.49.4,,0.988425,0.003662,0.000459,,,
15,14,Vulnerable,openjpeg__CVE-2019-12973,1781,31,889,True,tail_512,5,10.73797607421875,8234,trace-csv::8235,Vulnerable,True,sam2p-0.49.4,test,dataset/signature_db_Vul_data.csv,642,1,292,0.04065040650406504,"image = bmptoimage(parameters.infile, &parameters); opj_image_t* bmptoimage(const char *filename, opj_cparameters_t *parameters) IN = fopen(filename, """"rb""""); if (!bmp_read_info_header(IN, &Info_h)) { static OPJ_BOOL ...","if (!ReadOK (fd, buffer, Bitmap_File_Head.biSize - 4)) Bitmap_Head.biWidth =ToL (&buffer[0x00]); /* 12 */ Bitmap_Head.biPlanes =ToS (&buffer[0x08]); /* 1A */ Bitmap_Head.biBitCnt =ToS (&buffer[0x0A]); /* 1C */ return ...",Open Source Project,CVE/Open Source Project,True,sam2p-0.49.4,,0.988302,0.119080,0.000459,,,
15,14,Vulnerable,openjpeg__CVE-2019-12973,1781,31,889,True,tail_512,6,10.73797607421875,8282,trace-csv::8283,Vulnerable,True,sam2p-0.49.4,test,dataset/signature_db_Vul_data.csv,642,1,292,0.04065040650406504,"image = bmptoimage(parameters.infile, &parameters); opj_image_t* bmptoimage(const char *filename, opj_cparameters_t *parameters) IN = fopen(filename, """"rb""""); if (!bmp_read_info_header(IN, &Info_h)) { static OPJ_BOOL ...","if (!ReadOK (fd, buffer, Bitmap_File_Head.biSize - 4)) Bitmap_Head.biWidth =ToL (&buffer[0x00]); /* 12 */ Bitmap_Head.biPlanes =ToS (&buffer[0x08]); /* 1A */ Bitmap_Head.biBitCnt =ToS (&buffer[0x0A]); /* 1C */ return ...",Open Source Project,CVE/Open Source Project,True,sam2p-0.49.4,,0.988302,0.119080,0.000459,,,
16,15,Safe,openjpeg__CVE-2019-12973,649,16,300,False,tail_512,1,6.452392578125,8228,trace-csv::8229,Vulnerable,False,sam2p-0.49.4,test,dataset/signature_db_Vul_data.csv,578,1,257,0.09523809523809523,"image = bmptoimage(parameters.infile, &parameters); opj_image_t* bmptoimage(const char *filename, opj_cparameters_t *parameters) IN = fopen(filename, """"rb""""); if (!bmp_read_info_header(IN, &Info_h)) { static OPJ_BOOL ...","if (!ReadOK (fd, buffer, Bitmap_File_Head.biSize - 4)) Bitmap_Head.biHeight =ToL (&buffer[0x04]); /* 16 */ Bitmap_Head.biBitCnt =ToS (&buffer[0x0A]); /* 1C */ return ((short)(puffer[0] | puffer[1]<<8)); if ((Bitmap_He...",Open Source Project,CVE/Open Source Project,True,sam2p-0.49.4,,0.993010,0.000000,0.000230,,,
16,15,Safe,openjpeg__CVE-2019-12973,649,16,300,False,tail_512,2,6.452392578125,8276,trace-csv::8277,Vulnerable,False,sam2p-0.49.4,test,dataset/signature_db_Vul_data.csv,578,1,257,0.09523809523809523,"image = bmptoimage(parameters.infile, &parameters); opj_image_t* bmptoimage(const char *filename, opj_cparameters_t *parameters) IN = fopen(filename, """"rb""""); if (!bmp_read_info_header(IN, &Info_h)) { static OPJ_BOOL ...","if (!ReadOK (fd, buffer, Bitmap_File_Head.biSize - 4)) Bitmap_Head.biHeight =ToL (&buffer[0x04]); /* 16 */ Bitmap_Head.biBitCnt =ToS (&buffer[0x0A]); /* 1C */ return ((short)(puffer[0] | puffer[1]<<8)); if ((Bitmap_He...",Open Source Project,CVE/Open Source Project,True,sam2p-0.49.4,,0.993010,0.000000,0.000230,,,
16,15,Safe,openjpeg__CVE-2019-12973,649,16,300,False,tail_512,3,6.455322265625,8226,trace-csv::8227,Vulnerable,False,sam2p-0.49.4,test,dataset/signature_db_Vul_data.csv,578,1,259,0.0967741935483871,"image = bmptoimage(parameters.infile, &parameters); opj_image_t* bmptoimage(const char *filename, opj_cparameters_t *parameters) IN = fopen(filename, """"rb""""); if (!bmp_read_info_header(IN, &Info_h)) { static OPJ_BOOL ...","if (!ReadOK (fd, buffer, Bitmap_File_Head.biSize - 4)) Bitmap_Head.biPlanes =ToS (&buffer[0x08]); /* 1A */ Bitmap_Head.biBitCnt =ToS (&buffer[0x0A]); /* 1C */ return ((short)(puffer[0] | puffer[1]<<8)); if ((Bitmap_He...",Open Source Project,CVE/Open Source Project,True,sam2p-0.49.4,,0.993007,0.002930,0.000459,,,
16,15,Safe,openjpeg__CVE-2019-12973,649,16,300,False,tail_512,4,6.455322265625,8274,trace-csv::8275,Vulnerable,False,sam2p-0.49.4,test,dataset/signature_db_Vul_data.csv,578,1,259,0.0967741935483871,"image = bmptoimage(parameters.infile, &parameters); opj_image_t* bmptoimage(const char *filename, opj_cparameters_t *parameters) IN = fopen(filename, """"rb""""); if (!bmp_read_info_header(IN, &Info_h)) { static OPJ_BOOL ...","if (!ReadOK (fd, buffer, Bitmap_File_Head.biSize - 4)) Bitmap_Head.biPlanes =ToS (&buffer[0x08]); /* 1A */ Bitmap_Head.biBitCnt =ToS (&buffer[0x0A]); /* 1C */ return ((short)(puffer[0] | puffer[1]<<8)); if ((Bitmap_He...",Open Source Project,CVE/Open Source Project,True,sam2p-0.49.4,,0.993007,0.002930,0.000459,,,
16,15,Safe,openjpeg__CVE-2019-12973,649,16,300,False,tail_512,5,6.6632080078125,8227,trace-csv::8228,Vulnerable,False,sam2p-0.49.4,test,dataset/signature_db_Vul_data.csv,614,1,278,0.0967741935483871,"image = bmptoimage(parameters.infile, &parameters); opj_image_t* bmptoimage(const char *filename, opj_cparameters_t *parameters) IN = fopen(filename, """"rb""""); if (!bmp_read_info_header(IN, &Info_h)) { static OPJ_BOOL ...","if (!ReadOK (fd, buffer, Bitmap_File_Head.biSize - 4)) Bitmap_Head.biPlanes =ToS (&buffer[0x08]); /* 1A */ Bitmap_Head.biBitCnt =ToS (&buffer[0x0A]); /* 1C */ return ((short)(puffer[0] | puffer[1]<<8)); if ((Bitmap_He...",Open Source Project,CVE/Open Source Project,True,sam2p-0.49.4,,0.992780,0.210815,0.000459,,,
16,15,Safe,openjpeg__CVE-2019-12973,649,16,300,False,tail_512,6,6.6632080078125,8275,trace-csv::8276,Vulnerable,False,sam2p-0.49.4,test,dataset/signature_db_Vul_data.csv,614,1,278,0.0967741935483871,"image = bmptoimage(parameters.infile, &parameters); opj_image_t* bmptoimage(const char *filename, opj_cparameters_t *parameters) IN = fopen(filename, """"rb""""); if (!bmp_read_info_header(IN, &Info_h)) { static OPJ_BOOL ...","if (!ReadOK (fd, buffer, Bitmap_File_Head.biSize - 4)) Bitmap_Head.biPlanes =ToS (&buffer[0x08]); /* 1A */ Bitmap_Head.biBitCnt =ToS (&buffer[0x0A]); /* 1C */ return ((short)(puffer[0] | puffer[1]<<8)); if ((Bitmap_He...",Open Source Project,CVE/Open Source Project,True,sam2p-0.49.4,,0.992780,0.210815,0.000459,,,
17,16,Vulnerable,radare2__CVE-2019-16718,1628,38,706,True,tail_512,1,9.6624755859375,8108,trace-csv::8109,Vulnerable,True,firejail-0.9.62,test,dataset/signature_db_Vul_data.csv,890,1,407,0.05309734513274336,"RList *symbols = r_bin_get_symbols (r->bin); r_list_foreach (symbols, iter, symbol) { char *r_symbol_name = r_str_escape_utf8 (symbol->name, false, true); char *module = strdup (r_symbol_name); char *p = strstr (modul...","int main(int argc, char **argv) { if (*argv[0] != '-') if (*argv[0] != '-') { if (strcmp(argv[1], ""-c"") == 0 && argc > 2) { if (strcmp(argv[2], ""/usr/lib/openssh/sftp-server"") == 0 || strncmp(argv[2], ""scp "", 4) == 0)...",Open Source Project,CVE/Open Source Project,True,firejail-0.9.62,,0.989479,0.000000,0.000230,,,
17,16,Vulnerable,radare2__CVE-2019-16718,1628,38,706,True,tail_512,2,9.6624755859375,8110,trace-csv::8111,Vulnerable,True,firejail-0.9.62,test,dataset/signature_db_Vul_data.csv,890,1,407,0.05309734513274336,"RList *symbols = r_bin_get_symbols (r->bin); r_list_foreach (symbols, iter, symbol) { char *r_symbol_name = r_str_escape_utf8 (symbol->name, false, true); char *module = strdup (r_symbol_name); char *p = strstr (modul...","int main(int argc, char **argv) { if (*argv[0] != '-') if (*argv[0] != '-') { if (strcmp(argv[1], ""-c"") == 0 && argc > 2) { if (strcmp(argv[2], ""/usr/lib/openssh/sftp-server"") == 0 || strncmp(argv[2], ""scp "", 4) == 0)...",Open Source Project,CVE/Open Source Project,True,firejail-0.9.62,,0.989479,0.000000,0.000230,,,
17,16,Vulnerable,radare2__CVE-2019-16718,1628,38,706,True,tail_512,3,9.88336181640625,8107,trace-csv::8108,Vulnerable,True,firejail-0.9.62,test,dataset/signature_db_Vul_data.csv,840,1,380,0.05309734513274336,"RList *symbols = r_bin_get_symbols (r->bin); r_list_foreach (symbols, iter, symbol) { char *r_symbol_name = r_str_escape_utf8 (symbol->name, false, true); char *module = strdup (r_symbol_name); char *p = strstr (modul...","int main(int argc, char **argv) { if (*argv[0] != '-') if (*argv[0] != '-') { if (strcmp(argv[2], ""/usr/lib/openssh/sftp-server"") == 0 || strncmp(argv[2], ""scp "", 4) == 0) { if (*argv[0] == '-' || parent_sshd) { check...",Open Source Project,CVE/Open Source Project,True,firejail-0.9.62,,0.989237,0.220886,0.000459,,,
17,16,Vulnerable,radare2__CVE-2019-16718,1628,38,706,True,tail_512,4,9.88336181640625,8109,trace-csv::8110,Vulnerable,True,firejail-0.9.62,test,dataset/signature_db_Vul_data.csv,840,1,380,0.05309734513274336,"RList *symbols = r_bin_get_symbols (r->bin); r_list_foreach (symbols, iter, symbol) { char *r_symbol_name = r_str_escape_utf8 (symbol->name, false, true); char *module = strdup (r_symbol_name); char *p = strstr (modul...","int main(int argc, char **argv) { if (*argv[0] != '-') if (*argv[0] != '-') { if (strcmp(argv[2], ""/usr/lib/openssh/sftp-server"") == 0 || strncmp(argv[2], ""scp "", 4) == 0) { if (*argv[0] == '-' || parent_sshd) { check...",Open Source Project,CVE/Open Source Project,True,firejail-0.9.62,,0.989237,0.220886,0.000459,,,
17,16,Vulnerable,radare2__CVE-2019-16718,1628,38,706,True,tail_512,5,11.0748291015625,8401,trace-csv::8402,Vulnerable,True,urjtag-0.8,test,dataset/signature_db_Vul_data.csv,668,1,292,0.0380952380952381,"RList *symbols = r_bin_get_symbols (r->bin); r_list_foreach (symbols, iter, symbol) { char *r_symbol_name = r_str_escape_utf8 (symbol->name, false, true); char *module = strdup (r_symbol_name); char *p = strstr (modul...","while(fgets(line, 1023, stdin)); jtag_readline_multiple_commands_support( line ); r = jtag_parse_line( line ); t = get_token( line ); char *t = strtok( buf, "" \f\n\r\t\v"" ); if (!line || !(strlen( line ) > 0)) char *n...",Open Source Project,CVE/Open Source Project,True,urjtag-0.8,,0.987957,1.412354,0.000689,,,
17,16,Vulnerable,radare2__CVE-2019-16718,1628,38,706,True,tail_512,6,11.0748291015625,8402,trace-csv::8403,Vulnerable,True,urjtag-0.8,test,dataset/signature_db_Vul_data.csv,668,1,292,0.0380952380952381,"RList *symbols = r_bin_get_symbols (r->bin); r_list_foreach (symbols, iter, symbol) { char *r_symbol_name = r_str_escape_utf8 (symbol->name, false, true); char *module = strdup (r_symbol_name); char *p = strstr (modul...","while(fgets(line, 1023, stdin)); jtag_readline_multiple_commands_support( line ); r = jtag_parse_line( line ); t = get_token( line ); char *t = strtok( buf, "" \f\n\r\t\v"" ); if (!line || !(strlen( line ) > 0)) char *n...",Open Source Project,CVE/Open Source Project,True,urjtag-0.8,,0.987957,1.412354,0.000689,,,
18,17,Safe,radare2__CVE-2019-16718,369,7,162,False,tail_512,1,5.4727783203125,8414,trace-csv::8415,Vulnerable,False,urjtag-0.8,test,dataset/signature_db_Vul_data.csv,592,1,262,0.03278688524590164,"RList *symbols = r_bin_get_symbols (r->bin); r_list_foreach (symbols, iter, symbol) { char *r_symbol_name = r_str_escape_utf8 (symbol->name, false, true); char *module = strdup (r_symbol_name); char *p = strstr (modul...","while(fgets(line, 1023, stdin)); jtag_readline_multiple_commands_support( line ); nextcmd = strstr(nextcmd, ""::""); /* :: to not confuse ms-dos users ;-) */ r = jtag_parse_line( line ); t = get_token( line ); char *t =...",Open Source Project,CVE/Open Source Project,True,urjtag-0.8,,0.994014,0.000000,0.000230,,,
18,17,Safe,radare2__CVE-2019-16718,369,7,162,False,tail_512,2,5.4727783203125,8423,trace-csv::8424,Vulnerable,False,urjtag-0.8,test,dataset/signature_db_Vul_data.csv,592,1,262,0.03278688524590164,"RList *symbols = r_bin_get_symbols (r->bin); r_list_foreach (symbols, iter, symbol) { char *r_symbol_name = r_str_escape_utf8 (symbol->name, false, true); char *module = strdup (r_symbol_name); char *p = strstr (modul...","while(fgets(line, 1023, stdin)); jtag_readline_multiple_commands_support( line ); nextcmd = strstr(nextcmd, ""::""); /* :: to not confuse ms-dos users ;-) */ r = jtag_parse_line( line ); t = get_token( line ); char *t =...",Open Source Project,CVE/Open Source Project,True,urjtag-0.8,,0.994014,0.000000,0.000230,,,
18,17,Safe,radare2__CVE-2019-16718,369,7,162,False,tail_512,3,5.4755859375,8567,trace-csv::8568,Vulnerable,False,urjtag-0.8,test,dataset/signature_db_Vul_data.csv,592,1,262,0.03278688524590164,"RList *symbols = r_bin_get_symbols (r->bin); r_list_foreach (symbols, iter, symbol) { char *r_symbol_name = r_str_escape_utf8 (symbol->name, false, true); char *module = strdup (r_symbol_name); char *p = strstr (modul...","while(fgets(line, 1023, stdin)); jtag_readline_multiple_commands_support( line ); nextcmd = strstr(nextcmd, ""::""); /* :: to not confuse ms-dos users ;-) */ r = jtag_parse_line( line ); t = get_token( line ); char *t =...",Open Source Project,CVE/Open Source Project,True,urjtag-0.8,,0.994011,0.002808,0.000459,,,
18,17,Safe,radare2__CVE-2019-16718,369,7,162,False,tail_512,4,5.47564697265625,8558,trace-csv::8559,Vulnerable,False,urjtag-0.8,test,dataset/signature_db_Vul_data.csv,592,1,262,0.03278688524590164,"RList *symbols = r_bin_get_symbols (r->bin); r_list_foreach (symbols, iter, symbol) { char *r_symbol_name = r_str_escape_utf8 (symbol->name, false, true); char *module = strdup (r_symbol_name); char *p = strstr (modul...","while(fgets(line, 1023, stdin)); jtag_readline_multiple_commands_support( line ); nextcmd = strstr(nextcmd, ""::""); /* :: to not confuse ms-dos users ;-) */ r = jtag_parse_line( line ); t = get_token( line ); char *t =...",Open Source Project,CVE/Open Source Project,True,urjtag-0.8,,0.994011,0.002869,0.000459,,,
18,17,Safe,radare2__CVE-2019-16718,369,7,162,False,tail_512,5,5.52008056640625,8471,trace-csv::8472,Vulnerable,False,urjtag-0.8,test,dataset/signature_db_Vul_data.csv,592,1,262,0.03278688524590164,"RList *symbols = r_bin_get_symbols (r->bin); r_list_foreach (symbols, iter, symbol) { char *r_symbol_name = r_str_escape_utf8 (symbol->name, false, true); char *module = strdup (r_symbol_name); char *p = strstr (modul...","while(fgets(line, 1023, stdin)); jtag_readline_multiple_commands_support( line ); nextcmd = strstr(nextcmd, ""::""); /* :: to not confuse ms-dos users ;-) */ r = jtag_parse_line( line ); t = get_token( line ); char *t =...",Open Source Project,CVE/Open Source Project,True,urjtag-0.8,,0.993962,0.047302,0.000459,,,
18,17,Safe,radare2__CVE-2019-16718,369,7,162,False,tail_512,6,5.5201416015625,8462,trace-csv::8463,Vulnerable,False,urjtag-0.8,test,dataset/signature_db_Vul_data.csv,592,1,262,0.03278688524590164,"RList *symbols = r_bin_get_symbols (r->bin); r_list_foreach (symbols, iter, symbol) { char *r_symbol_name = r_str_escape_utf8 (symbol->name, false, true); char *module = strdup (r_symbol_name); char *p = strstr (modul...","while(fgets(line, 1023, stdin)); jtag_readline_multiple_commands_support( line ); nextcmd = strstr(nextcmd, ""::""); /* :: to not confuse ms-dos users ;-) */ r = jtag_parse_line( line ); t = get_token( line ); char *t =...",Open Source Project,CVE/Open Source Project,True,urjtag-0.8,,0.993962,0.047363,0.000459,,,
19,18,Vulnerable,ghostpdl__CVE-2018-16863,1439,19,589,True,tail_512,1,8.88970947265625,8107,trace-csv::8108,Vulnerable,True,firejail-0.9.62,test,dataset/signature_db_Vul_data.csv,840,1,380,0.06422018348623854,"int gdev_prn_put_params(gx_device * pdev, gs_param_list * plist) gx_device_printer * const ppdev = (gx_device_printer *)pdev; switch (code = param_read_string(plist, (param_name = """"OutputFile""""), &ofs)) { if (pdev->L...","int main(int argc, char **argv) { if (*argv[0] != '-') if (*argv[0] != '-') { if (strcmp(argv[2], ""/usr/lib/openssh/sftp-server"") == 0 || strncmp(argv[2], ""scp "", 4) == 0) { if (*argv[0] == '-' || parent_sshd) { check...",Open Source Project,CVE/Open Source Project,True,firejail-0.9.62,,0.990300,0.000000,0.000230,,,
19,18,Vulnerable,ghostpdl__CVE-2018-16863,1439,19,589,True,tail_512,2,8.88970947265625,8109,trace-csv::8110,Vulnerable,True,firejail-0.9.62,test,dataset/signature_db_Vul_data.csv,840,1,380,0.06422018348623854,"int gdev_prn_put_params(gx_device * pdev, gs_param_list * plist) gx_device_printer * const ppdev = (gx_device_printer *)pdev; switch (code = param_read_string(plist, (param_name = """"OutputFile""""), &ofs)) { if (pdev->L...","int main(int argc, char **argv) { if (*argv[0] != '-') if (*argv[0] != '-') { if (strcmp(argv[2], ""/usr/lib/openssh/sftp-server"") == 0 || strncmp(argv[2], ""scp "", 4) == 0) { if (*argv[0] == '-' || parent_sshd) { check...",Open Source Project,CVE/Open Source Project,True,firejail-0.9.62,,0.990300,0.000000,0.000230,,,
19,18,Vulnerable,ghostpdl__CVE-2018-16863,1439,19,589,True,tail_512,3,8.9154052734375,8108,trace-csv::8109,Vulnerable,True,firejail-0.9.62,test,dataset/signature_db_Vul_data.csv,890,1,407,0.06422018348623854,"int gdev_prn_put_params(gx_device * pdev, gs_param_list * plist) gx_device_printer * const ppdev = (gx_device_printer *)pdev; switch (code = param_read_string(plist, (param_name = """"OutputFile""""), &ofs)) { if (pdev->L...","int main(int argc, char **argv) { if (*argv[0] != '-') if (*argv[0] != '-') { if (strcmp(argv[1], ""-c"") == 0 && argc > 2) { if (strcmp(argv[2], ""/usr/lib/openssh/sftp-server"") == 0 || strncmp(argv[2], ""scp "", 4) == 0)...",Open Source Project,CVE/Open Source Project,True,firejail-0.9.62,,0.990272,0.025696,0.000230,,,
19,18,Vulnerable,ghostpdl__CVE-2018-16863,1439,19,589,True,tail_512,4,8.9154052734375,8110,trace-csv::8111,Vulnerable,True,firejail-0.9.62,test,dataset/signature_db_Vul_data.csv,890,1,407,0.06422018348623854,"int gdev_prn_put_params(gx_device * pdev, gs_param_list * plist) gx_device_printer * const ppdev = (gx_device_printer *)pdev; switch (code = param_read_string(plist, (param_name = """"OutputFile""""), &ofs)) { if (pdev->L...","int main(int argc, char **argv) { if (*argv[0] != '-') if (*argv[0] != '-') { if (strcmp(argv[1], ""-c"") == 0 && argc > 2) { if (strcmp(argv[2], ""/usr/lib/openssh/sftp-server"") == 0 || strncmp(argv[2], ""scp "", 4) == 0)...",Open Source Project,CVE/Open Source Project,True,firejail-0.9.62,,0.990272,0.025696,0.000230,,,
19,18,Vulnerable,ghostpdl__CVE-2018-16863,1439,19,589,True,tail_512,5,9.6776123046875,8401,trace-csv::8402,Vulnerable,True,urjtag-0.8,test,dataset/signature_db_Vul_data.csv,668,1,292,0.06,"int gdev_prn_put_params(gx_device * pdev, gs_param_list * plist) gx_device_printer * const ppdev = (gx_device_printer *)pdev; switch (code = param_read_string(plist, (param_name = """"OutputFile""""), &ofs)) { if (pdev->L...","while(fgets(line, 1023, stdin)); jtag_readline_multiple_commands_support( line ); r = jtag_parse_line( line ); t = get_token( line ); char *t = strtok( buf, "" \f\n\r\t\v"" ); if (!line || !(strlen( line ) > 0)) char *n...",Open Source Project,CVE/Open Source Project,True,urjtag-0.8,,0.989459,0.787903,0.000689,,,
19,18,Vulnerable,ghostpdl__CVE-2018-16863,1439,19,589,True,tail_512,6,9.6776123046875,8402,trace-csv::8403,Vulnerable,True,urjtag-0.8,test,dataset/signature_db_Vul_data.csv,668,1,292,0.06,"int gdev_prn_put_params(gx_device * pdev, gs_param_list * plist) gx_device_printer * const ppdev = (gx_device_printer *)pdev; switch (code = param_read_string(plist, (param_name = """"OutputFile""""), &ofs)) { if (pdev->L...","while(fgets(line, 1023, stdin)); jtag_readline_multiple_commands_support( line ); r = jtag_parse_line( line ); t = get_token( line ); char *t = strtok( buf, "" \f\n\r\t\v"" ); if (!line || !(strlen( line ) > 0)) char *n...",Open Source Project,CVE/Open Source Project,True,urjtag-0.8,,0.989459,0.787903,0.000689,,,
20,19,Safe,ghostpdl__CVE-2018-16863,821,13,334,False,tail_512,1,8.15087890625,8228,trace-csv::8229,Vulnerable,False,sam2p-0.49.4,test,dataset/signature_db_Vul_data.csv,578,1,257,0.015151515151515152,"saveLockSafety = gs_currentdevice_inline(pgs)->LockSafetyParams; if ((code = gs_setdevice_no_erase(pgs, ndev)) < 0) int gs_setdevice_no_erase(gs_gstate * pgs, gx_device * dev) gs_setdevice_no_init(pgs, dev); rc_assign...","if (!ReadOK (fd, buffer, Bitmap_File_Head.biSize - 4)) Bitmap_Head.biHeight =ToL (&buffer[0x04]); /* 16 */ Bitmap_Head.biBitCnt =ToS (&buffer[0x0A]); /* 1C */ return ((short)(puffer[0] | puffer[1]<<8)); if ((Bitmap_He...",Open Source Project,CVE/Open Source Project,True,sam2p-0.49.4,,0.991141,0.000000,0.000000,,,
20,19,Safe,ghostpdl__CVE-2018-16863,821,13,334,False,tail_512,2,8.15087890625,8276,trace-csv::8277,Vulnerable,False,sam2p-0.49.4,test,dataset/signature_db_Vul_data.csv,578,1,257,0.015151515151515152,"saveLockSafety = gs_currentdevice_inline(pgs)->LockSafetyParams; if ((code = gs_setdevice_no_erase(pgs, ndev)) < 0) int gs_setdevice_no_erase(gs_gstate * pgs, gx_device * dev) gs_setdevice_no_init(pgs, dev); rc_assign...","if (!ReadOK (fd, buffer, Bitmap_File_Head.biSize - 4)) Bitmap_Head.biHeight =ToL (&buffer[0x04]); /* 16 */ Bitmap_Head.biBitCnt =ToS (&buffer[0x0A]); /* 1C */ return ((short)(puffer[0] | puffer[1]<<8)); if ((Bitmap_He...",Open Source Project,CVE/Open Source Project,True,sam2p-0.49.4,,0.991141,0.000000,0.000000,,,
20,19,Safe,ghostpdl__CVE-2018-16863,821,13,334,False,tail_512,3,8.39306640625,8226,trace-csv::8227,Vulnerable,False,sam2p-0.49.4,test,dataset/signature_db_Vul_data.csv,578,1,259,0.015384615384615385,"saveLockSafety = gs_currentdevice_inline(pgs)->LockSafetyParams; if ((code = gs_setdevice_no_erase(pgs, ndev)) < 0) int gs_setdevice_no_erase(gs_gstate * pgs, gx_device * dev) gs_setdevice_no_init(pgs, dev); rc_assign...","if (!ReadOK (fd, buffer, Bitmap_File_Head.biSize - 4)) Bitmap_Head.biPlanes =ToS (&buffer[0x08]); /* 1A */ Bitmap_Head.biBitCnt =ToS (&buffer[0x0A]); /* 1C */ return ((short)(puffer[0] | puffer[1]<<8)); if ((Bitmap_He...",Open Source Project,CVE/Open Source Project,True,sam2p-0.49.4,,0.990876,0.242188,0.000230,,,
20,19,Safe,ghostpdl__CVE-2018-16863,821,13,334,False,tail_512,4,8.39306640625,8274,trace-csv::8275,Vulnerable,False,sam2p-0.49.4,test,dataset/signature_db_Vul_data.csv,578,1,259,0.015384615384615385,"saveLockSafety = gs_currentdevice_inline(pgs)->LockSafetyParams; if ((code = gs_setdevice_no_erase(pgs, ndev)) < 0) int gs_setdevice_no_erase(gs_gstate * pgs, gx_device * dev) gs_setdevice_no_init(pgs, dev); rc_assign...","if (!ReadOK (fd, buffer, Bitmap_File_Head.biSize - 4)) Bitmap_Head.biPlanes =ToS (&buffer[0x08]); /* 1A */ Bitmap_Head.biBitCnt =ToS (&buffer[0x0A]); /* 1C */ return ((short)(puffer[0] | puffer[1]<<8)); if ((Bitmap_He...",Open Source Project,CVE/Open Source Project,True,sam2p-0.49.4,,0.990876,0.242188,0.000230,,,
20,19,Safe,ghostpdl__CVE-2018-16863,821,13,334,False,tail_512,5,8.4698486328125,8229,trace-csv::8230,Vulnerable,False,sam2p-0.49.4,test,dataset/signature_db_Vul_data.csv,614,1,276,0.015151515151515152,"saveLockSafety = gs_currentdevice_inline(pgs)->LockSafetyParams; if ((code = gs_setdevice_no_erase(pgs, ndev)) < 0) int gs_setdevice_no_erase(gs_gstate * pgs, gx_device * dev) gs_setdevice_no_init(pgs, dev); rc_assign...","if (!ReadOK (fd, buffer, Bitmap_File_Head.biSize - 4)) Bitmap_Head.biHeight =ToL (&buffer[0x04]); /* 16 */ Bitmap_Head.biBitCnt =ToS (&buffer[0x0A]); /* 1C */ return ((short)(puffer[0] | puffer[1]<<8)); if ((Bitmap_He...",Open Source Project,CVE/Open Source Project,True,sam2p-0.49.4,,0.990790,0.318970,0.000459,,,
20,19,Safe,ghostpdl__CVE-2018-16863,821,13,334,False,tail_512,6,8.4698486328125,8277,trace-csv::8278,Vulnerable,False,sam2p-0.49.4,test,dataset/signature_db_Vul_data.csv,614,1,276,0.015151515151515152,"saveLockSafety = gs_currentdevice_inline(pgs)->LockSafetyParams; if ((code = gs_setdevice_no_erase(pgs, ndev)) < 0) int gs_setdevice_no_erase(gs_gstate * pgs, gx_device * dev) gs_setdevice_no_init(pgs, dev); rc_assign...","if (!ReadOK (fd, buffer, Bitmap_File_Head.biSize - 4)) Bitmap_Head.biHeight =ToL (&buffer[0x04]); /* 16 */ Bitmap_Head.biBitCnt =ToS (&buffer[0x0A]); /* 1C */ return ((short)(puffer[0] | puffer[1]<<8)); if ((Bitmap_He...",Open Source Project,CVE/Open Source Project,True,sam2p-0.49.4,,0.990790,0.318970,0.000459,,,
