query_sample_id,query_index,query_label,query_project,query_cve,query_code_chars,query_code_lines,query_codebert_tokens,query_truncated_for_embedding,embedding_token_window,rank,faiss_l2_distance,retrieved_index,retrieved_sample_id,retrieved_label,label_matches_query,retrieved_project,retrieved_cve,retrieved_cve_normalized,same_cve,retrieved_dataset_type,retrieved_source,retrieved_code_chars,retrieved_code_lines,retrieved_codebert_tokens,lexical_jaccard,query_snippet,retrieved_snippet
1,0,Vulnerable,patch__CVE-2019-13638,CVE-2019-13638,665,1,253,False,tail_512,1,5.49578857421875,8699,trace-csv::8700,Vulnerable,True,zsh-5.4.2,CVE-2018-1100,CVE-2018-1100,False,test,dataset/signature_db_Vul_data_with_cve.csv,223,1,106,0.034482758620689655,"outfile = xstrdup (optarg);outname = outfile;outfd = make_tempfile (&TMPOUTNAME, 'o', outname, O_WRONLY | binary_transput, instat.st_mode & S_IRWXUGO);int make_tempfile (char const **name, char letter, char const *rea...","de = readdir(dir); return metafy(de->d_name, -1, META_STATIC); buf = hrealloc(buf, len, len + meta + 1); return p; return buf; while ((fn = zreaddir(lock, 1)) && !errflag) { sprintf(buf, ""%s/%s?%s"", *s, fn, u);"
1,0,Vulnerable,patch__CVE-2019-13638,CVE-2019-13638,665,1,253,False,tail_512,2,5.5399169921875,8414,trace-csv::8415,Vulnerable,True,urjtag-0.8,,UNKNOWN,False,test,dataset/signature_db_Vul_data_with_cve.csv,592,1,262,0.05063291139240506,"outfile = xstrdup (optarg);outname = outfile;outfd = make_tempfile (&TMPOUTNAME, 'o', outname, O_WRONLY | binary_transput, instat.st_mode & S_IRWXUGO);int make_tempfile (char const **name, char letter, char const *rea...","while(fgets(line, 1023, stdin)); jtag_readline_multiple_commands_support( line ); nextcmd = strstr(nextcmd, ""::""); /* :: to not confuse ms-dos users ;-) */ r = jtag_parse_line( line ); t = get_token( line ); char *t =..."
1,0,Vulnerable,patch__CVE-2019-13638,CVE-2019-13638,665,1,253,False,tail_512,3,5.5399169921875,8423,trace-csv::8424,Vulnerable,True,urjtag-0.8,,UNKNOWN,False,test,dataset/signature_db_Vul_data_with_cve.csv,592,1,262,0.05063291139240506,"outfile = xstrdup (optarg);outname = outfile;outfd = make_tempfile (&TMPOUTNAME, 'o', outname, O_WRONLY | binary_transput, instat.st_mode & S_IRWXUGO);int make_tempfile (char const **name, char letter, char const *rea...","while(fgets(line, 1023, stdin)); jtag_readline_multiple_commands_support( line ); nextcmd = strstr(nextcmd, ""::""); /* :: to not confuse ms-dos users ;-) */ r = jtag_parse_line( line ); t = get_token( line ); char *t =..."
1,0,Vulnerable,patch__CVE-2019-13638,CVE-2019-13638,665,1,253,False,tail_512,4,5.54931640625,8558,trace-csv::8559,Vulnerable,True,urjtag-0.8,,UNKNOWN,False,test,dataset/signature_db_Vul_data_with_cve.csv,592,1,262,0.05063291139240506,"outfile = xstrdup (optarg);outname = outfile;outfd = make_tempfile (&TMPOUTNAME, 'o', outname, O_WRONLY | binary_transput, instat.st_mode & S_IRWXUGO);int make_tempfile (char const **name, char letter, char const *rea...","while(fgets(line, 1023, stdin)); jtag_readline_multiple_commands_support( line ); nextcmd = strstr(nextcmd, ""::""); /* :: to not confuse ms-dos users ;-) */ r = jtag_parse_line( line ); t = get_token( line ); char *t =..."
1,0,Vulnerable,patch__CVE-2019-13638,CVE-2019-13638,665,1,253,False,tail_512,5,5.54931640625,8567,trace-csv::8568,Vulnerable,True,urjtag-0.8,,UNKNOWN,False,test,dataset/signature_db_Vul_data_with_cve.csv,592,1,262,0.05063291139240506,"outfile = xstrdup (optarg);outname = outfile;outfd = make_tempfile (&TMPOUTNAME, 'o', outname, O_WRONLY | binary_transput, instat.st_mode & S_IRWXUGO);int make_tempfile (char const **name, char letter, char const *rea...","while(fgets(line, 1023, stdin)); jtag_readline_multiple_commands_support( line ); nextcmd = strstr(nextcmd, ""::""); /* :: to not confuse ms-dos users ;-) */ r = jtag_parse_line( line ); t = get_token( line ); char *t =..."
1,0,Vulnerable,patch__CVE-2019-13638,CVE-2019-13638,665,1,253,False,tail_512,6,5.553466796875,8462,trace-csv::8463,Vulnerable,True,urjtag-0.8,,UNKNOWN,False,test,dataset/signature_db_Vul_data_with_cve.csv,592,1,262,0.05063291139240506,"outfile = xstrdup (optarg);outname = outfile;outfd = make_tempfile (&TMPOUTNAME, 'o', outname, O_WRONLY | binary_transput, instat.st_mode & S_IRWXUGO);int make_tempfile (char const **name, char letter, char const *rea...","while(fgets(line, 1023, stdin)); jtag_readline_multiple_commands_support( line ); nextcmd = strstr(nextcmd, ""::""); /* :: to not confuse ms-dos users ;-) */ r = jtag_parse_line( line ); t = get_token( line ); char *t =..."
2,1,Safe,patch__CVE-2019-13638,CVE-2019-13638,604,1,223,False,tail_512,1,5.4652099609375,8699,trace-csv::8700,Vulnerable,False,zsh-5.4.2,CVE-2018-1100,CVE-2018-1100,False,test,dataset/signature_db_Vul_data_with_cve.csv,223,1,106,0.01818181818181818,"outfile = xstrdup (optarg);outname = outfile;outfd = make_tempfile (&TMPOUTNAME, 'o', outname, O_WRONLY | binary_transput, instat.st_mode & S_IRWXUGO);int make_tempfile (char const **name, char letter, char const *rea...","de = readdir(dir); return metafy(de->d_name, -1, META_STATIC); buf = hrealloc(buf, len, len + meta + 1); return p; return buf; while ((fn = zreaddir(lock, 1)) && !errflag) { sprintf(buf, ""%s/%s?%s"", *s, fn, u);"
2,1,Safe,patch__CVE-2019-13638,CVE-2019-13638,604,1,223,False,tail_512,2,5.69500732421875,8414,trace-csv::8415,Vulnerable,False,urjtag-0.8,,UNKNOWN,False,test,dataset/signature_db_Vul_data_with_cve.csv,592,1,262,0.039473684210526314,"outfile = xstrdup (optarg);outname = outfile;outfd = make_tempfile (&TMPOUTNAME, 'o', outname, O_WRONLY | binary_transput, instat.st_mode & S_IRWXUGO);int make_tempfile (char const **name, char letter, char const *rea...","while(fgets(line, 1023, stdin)); jtag_readline_multiple_commands_support( line ); nextcmd = strstr(nextcmd, ""::""); /* :: to not confuse ms-dos users ;-) */ r = jtag_parse_line( line ); t = get_token( line ); char *t =..."
2,1,Safe,patch__CVE-2019-13638,CVE-2019-13638,604,1,223,False,tail_512,3,5.69500732421875,8423,trace-csv::8424,Vulnerable,False,urjtag-0.8,,UNKNOWN,False,test,dataset/signature_db_Vul_data_with_cve.csv,592,1,262,0.039473684210526314,"outfile = xstrdup (optarg);outname = outfile;outfd = make_tempfile (&TMPOUTNAME, 'o', outname, O_WRONLY | binary_transput, instat.st_mode & S_IRWXUGO);int make_tempfile (char const **name, char letter, char const *rea...","while(fgets(line, 1023, stdin)); jtag_readline_multiple_commands_support( line ); nextcmd = strstr(nextcmd, ""::""); /* :: to not confuse ms-dos users ;-) */ r = jtag_parse_line( line ); t = get_token( line ); char *t =..."
2,1,Safe,patch__CVE-2019-13638,CVE-2019-13638,604,1,223,False,tail_512,4,5.7117919921875,8558,trace-csv::8559,Vulnerable,False,urjtag-0.8,,UNKNOWN,False,test,dataset/signature_db_Vul_data_with_cve.csv,592,1,262,0.039473684210526314,"outfile = xstrdup (optarg);outname = outfile;outfd = make_tempfile (&TMPOUTNAME, 'o', outname, O_WRONLY | binary_transput, instat.st_mode & S_IRWXUGO);int make_tempfile (char const **name, char letter, char const *rea...","while(fgets(line, 1023, stdin)); jtag_readline_multiple_commands_support( line ); nextcmd = strstr(nextcmd, ""::""); /* :: to not confuse ms-dos users ;-) */ r = jtag_parse_line( line ); t = get_token( line ); char *t =..."
2,1,Safe,patch__CVE-2019-13638,CVE-2019-13638,604,1,223,False,tail_512,5,5.7117919921875,8567,trace-csv::8568,Vulnerable,False,urjtag-0.8,,UNKNOWN,False,test,dataset/signature_db_Vul_data_with_cve.csv,592,1,262,0.039473684210526314,"outfile = xstrdup (optarg);outname = outfile;outfd = make_tempfile (&TMPOUTNAME, 'o', outname, O_WRONLY | binary_transput, instat.st_mode & S_IRWXUGO);int make_tempfile (char const **name, char letter, char const *rea...","while(fgets(line, 1023, stdin)); jtag_readline_multiple_commands_support( line ); nextcmd = strstr(nextcmd, ""::""); /* :: to not confuse ms-dos users ;-) */ r = jtag_parse_line( line ); t = get_token( line ); char *t =..."
2,1,Safe,patch__CVE-2019-13638,CVE-2019-13638,604,1,223,False,tail_512,6,5.71588134765625,8462,trace-csv::8463,Vulnerable,False,urjtag-0.8,,UNKNOWN,False,test,dataset/signature_db_Vul_data_with_cve.csv,592,1,262,0.039473684210526314,"outfile = xstrdup (optarg);outname = outfile;outfd = make_tempfile (&TMPOUTNAME, 'o', outname, O_WRONLY | binary_transput, instat.st_mode & S_IRWXUGO);int make_tempfile (char const **name, char letter, char const *rea...","while(fgets(line, 1023, stdin)); jtag_readline_multiple_commands_support( line ); nextcmd = strstr(nextcmd, ""::""); /* :: to not confuse ms-dos users ;-) */ r = jtag_parse_line( line ); t = get_token( line ); char *t =..."
3,2,Vulnerable,php-src__CVE-2015-8617,CVE-2015-8617,405,1,153,False,tail_512,1,7.074462890625,3088,trace-csv::3089,Vulnerable,True,CWE190_64-CWE190_Integer_Overflow__int64_t_fscanf_multiply,,UNKNOWN,False,test,dataset/signature_db_Vul_data_with_cve.csv,260,1,116,0.0,"zend_throw_or_error(fetch_type, NULL, ""Class '%s' not found"", ZSTR_VAL(class_name));static void zend_throw_or_error(int fetch_type, zend_class_entry *exception_ce, const char *format, ...)zend_vspprintf(&message, 0, f...","fscanf (stdin, ""%"" SCNd64, &data); CWE190_Integer_Overflow__int64_t_fscanf_multiply_64b_badSink(&data); int64_t data = (*dataPtr); if(data > 0) /* ensure we won't have an underflow */ int64_t result = data * 2; printL..."
3,2,Vulnerable,php-src__CVE-2015-8617,CVE-2015-8617,405,1,153,False,tail_512,2,7.296875,4267,trace-csv::4268,Vulnerable,True,CWE191_64-CWE191_Integer_Underflow__int64_t_fscanf_multiply,,UNKNOWN,False,test,dataset/signature_db_Vul_data_with_cve.csv,260,1,115,0.0,"zend_throw_or_error(fetch_type, NULL, ""Class '%s' not found"", ZSTR_VAL(class_name));static void zend_throw_or_error(int fetch_type, zend_class_entry *exception_ce, const char *format, ...)zend_vspprintf(&message, 0, f...","fscanf (stdin, ""%"" SCNd64, &data); CWE191_Integer_Underflow__int64_t_fscanf_multiply_64b_badSink(&data); int64_t data = (*dataPtr); if(data < 0) /* ensure we won't have an overflow */ int64_t result = data * 2; printL..."
3,2,Vulnerable,php-src__CVE-2015-8617,CVE-2015-8617,405,1,153,False,tail_512,3,7.34033203125,3087,trace-csv::3088,Vulnerable,True,CWE190_64-CWE190_Integer_Overflow__int64_t_fscanf_add,,UNKNOWN,False,test,dataset/signature_db_Vul_data_with_cve.csv,199,1,95,0.0,"zend_throw_or_error(fetch_type, NULL, ""Class '%s' not found"", ZSTR_VAL(class_name));static void zend_throw_or_error(int fetch_type, zend_class_entry *exception_ce, const char *format, ...)zend_vspprintf(&message, 0, f...","fscanf (stdin, ""%"" SCNd64, &data); CWE190_Integer_Overflow__int64_t_fscanf_add_64b_badSink(&data); int64_t data = (*dataPtr); int64_t result = data + 1; printLongLongLine(result);"
3,2,Vulnerable,php-src__CVE-2015-8617,CVE-2015-8617,405,1,153,False,tail_512,4,7.46783447265625,3048,trace-csv::3049,Vulnerable,True,CWE190_63-CWE190_Integer_Overflow__int64_t_fscanf_multiply,,UNKNOWN,False,test,dataset/signature_db_Vul_data_with_cve.csv,258,1,116,0.0,"zend_throw_or_error(fetch_type, NULL, ""Class '%s' not found"", ZSTR_VAL(class_name));static void zend_throw_or_error(int fetch_type, zend_class_entry *exception_ce, const char *format, ...)zend_vspprintf(&message, 0, f...","fscanf (stdin, ""%"" SCNd64, &data); CWE190_Integer_Overflow__int64_t_fscanf_multiply_63b_badSink(&data); int64_t data = *dataPtr; if(data > 0) /* ensure we won't have an underflow */ int64_t result = data * 2; printLon..."
3,2,Vulnerable,php-src__CVE-2015-8617,CVE-2015-8617,405,1,153,False,tail_512,5,7.5028076171875,4270,trace-csv::4271,Vulnerable,True,CWE191_64-CWE191_Integer_Underflow__int64_t_fscanf_sub,,UNKNOWN,False,test,dataset/signature_db_Vul_data_with_cve.csv,200,1,95,0.0,"zend_throw_or_error(fetch_type, NULL, ""Class '%s' not found"", ZSTR_VAL(class_name));static void zend_throw_or_error(int fetch_type, zend_class_entry *exception_ce, const char *format, ...)zend_vspprintf(&message, 0, f...","fscanf (stdin, ""%"" SCNd64, &data); CWE191_Integer_Underflow__int64_t_fscanf_sub_64b_badSink(&data); int64_t data = (*dataPtr); int64_t result = data - 1; printLongLongLine(result);"
3,2,Vulnerable,php-src__CVE-2015-8617,CVE-2015-8617,405,1,153,False,tail_512,6,7.57843017578125,3047,trace-csv::3048,Vulnerable,True,CWE190_63-CWE190_Integer_Overflow__int64_t_fscanf_add,,UNKNOWN,False,test,dataset/signature_db_Vul_data_with_cve.csv,197,1,95,0.0,"zend_throw_or_error(fetch_type, NULL, ""Class '%s' not found"", ZSTR_VAL(class_name));static void zend_throw_or_error(int fetch_type, zend_class_entry *exception_ce, const char *format, ...)zend_vspprintf(&message, 0, f...","fscanf (stdin, ""%"" SCNd64, &data); CWE190_Integer_Overflow__int64_t_fscanf_add_63b_badSink(&data); int64_t data = *dataPtr; int64_t result = data + 1; printLongLongLine(result);"
4,3,Safe,php-src__CVE-2015-8617,CVE-2015-8617,411,1,156,False,tail_512,1,6.86309814453125,3088,trace-csv::3089,Vulnerable,False,CWE190_64-CWE190_Integer_Overflow__int64_t_fscanf_multiply,,UNKNOWN,False,test,dataset/signature_db_Vul_data_with_cve.csv,260,1,116,0.0,"zend_throw_or_error(fetch_type, NULL, ""Class '%s' not found"", ZSTR_VAL(class_name));static void zend_throw_or_error(int fetch_type, zend_class_entry *exception_ce, const char *format, ...)zend_vspprintf(&message, 0, f...","fscanf (stdin, ""%"" SCNd64, &data); CWE190_Integer_Overflow__int64_t_fscanf_multiply_64b_badSink(&data); int64_t data = (*dataPtr); if(data > 0) /* ensure we won't have an underflow */ int64_t result = data * 2; printL..."
4,3,Safe,php-src__CVE-2015-8617,CVE-2015-8617,411,1,156,False,tail_512,2,7.09185791015625,4267,trace-csv::4268,Vulnerable,False,CWE191_64-CWE191_Integer_Underflow__int64_t_fscanf_multiply,,UNKNOWN,False,test,dataset/signature_db_Vul_data_with_cve.csv,260,1,115,0.0,"zend_throw_or_error(fetch_type, NULL, ""Class '%s' not found"", ZSTR_VAL(class_name));static void zend_throw_or_error(int fetch_type, zend_class_entry *exception_ce, const char *format, ...)zend_vspprintf(&message, 0, f...","fscanf (stdin, ""%"" SCNd64, &data); CWE191_Integer_Underflow__int64_t_fscanf_multiply_64b_badSink(&data); int64_t data = (*dataPtr); if(data < 0) /* ensure we won't have an overflow */ int64_t result = data * 2; printL..."
4,3,Safe,php-src__CVE-2015-8617,CVE-2015-8617,411,1,156,False,tail_512,3,7.11517333984375,3087,trace-csv::3088,Vulnerable,False,CWE190_64-CWE190_Integer_Overflow__int64_t_fscanf_add,,UNKNOWN,False,test,dataset/signature_db_Vul_data_with_cve.csv,199,1,95,0.0,"zend_throw_or_error(fetch_type, NULL, ""Class '%s' not found"", ZSTR_VAL(class_name));static void zend_throw_or_error(int fetch_type, zend_class_entry *exception_ce, const char *format, ...)zend_vspprintf(&message, 0, f...","fscanf (stdin, ""%"" SCNd64, &data); CWE190_Integer_Overflow__int64_t_fscanf_add_64b_badSink(&data); int64_t data = (*dataPtr); int64_t result = data + 1; printLongLongLine(result);"
4,3,Safe,php-src__CVE-2015-8617,CVE-2015-8617,411,1,156,False,tail_512,4,7.11883544921875,6554,trace-csv::6555,Vulnerable,False,CWE680_63-CWE680_Integer_Overflow_to_Buffer_Overflow__malloc_fscanf,,UNKNOWN,False,test,dataset/signature_db_Vul_data_with_cve.csv,186,1,83,0.03333333333333333,"zend_throw_or_error(fetch_type, NULL, ""Class '%s' not found"", ZSTR_VAL(class_name));static void zend_throw_or_error(int fetch_type, zend_class_entry *exception_ce, const char *format, ...)zend_vspprintf(&message, 0, f...","fscanf(stdin, ""%d"", &data); CWE680_Integer_Overflow_to_Buffer_Overflow__malloc_fscanf_63b_badSink(&data); int data = *dataPtr; intPointer = (int*)malloc(data * sizeof(int));"
4,3,Safe,php-src__CVE-2015-8617,CVE-2015-8617,411,1,156,False,tail_512,5,7.20672607421875,1473,trace-csv::1474,Vulnerable,False,CWE134_54-CWE134_Uncontrolled_Format_String__char_console_vfprintf,,UNKNOWN,False,test,dataset/signature_db_Vul_data_with_cve.csv,438,1,180,0.05714285714285714,"zend_throw_or_error(fetch_type, NULL, ""Class '%s' not found"", ZSTR_VAL(class_name));static void zend_throw_or_error(int fetch_type, zend_class_entry *exception_ce, const char *format, ...)zend_vspprintf(&message, 0, f...","if (fgets(data+dataLen, (int)(100-dataLen), stdin) != NULL) CWE134_Uncontrolled_Format_String__char_console_vfprintf_54b_badSink(data); CWE134_Uncontrolled_Format_String__char_console_vfprintf_54c_badSink(data); CWE13..."
4,3,Safe,php-src__CVE-2015-8617,CVE-2015-8617,411,1,156,False,tail_512,6,7.2978515625,1479,trace-csv::1480,Vulnerable,False,CWE134_54-CWE134_Uncontrolled_Format_String__char_console_vprintf,,UNKNOWN,False,test,dataset/signature_db_Vul_data_with_cve.csv,425,1,172,0.058823529411764705,"zend_throw_or_error(fetch_type, NULL, ""Class '%s' not found"", ZSTR_VAL(class_name));static void zend_throw_or_error(int fetch_type, zend_class_entry *exception_ce, const char *format, ...)zend_vspprintf(&message, 0, f...","if (fgets(data+dataLen, (int)(100-dataLen), stdin) != NULL) CWE134_Uncontrolled_Format_String__char_console_vprintf_54b_badSink(data); CWE134_Uncontrolled_Format_String__char_console_vprintf_54c_badSink(data); CWE134_..."
5,4,Vulnerable,spice-vdagent__CVE-2017-15108,CVE-2017-15108,653,1,249,False,tail_512,1,6.6607666015625,8414,trace-csv::8415,Vulnerable,True,urjtag-0.8,,UNKNOWN,False,test,dataset/signature_db_Vul_data_with_cve.csv,592,1,262,0.028169014084507043,"udscs_do_read(&conn);static void udscs_do_read(struct udscs_connection **conp)udscs_read_complete(connp);conn->read_callback(connp, &conn->header, conn->data.buf);static void daemon_read_complete(struct udscs_connecti...","while(fgets(line, 1023, stdin)); jtag_readline_multiple_commands_support( line ); nextcmd = strstr(nextcmd, ""::""); /* :: to not confuse ms-dos users ;-) */ r = jtag_parse_line( line ); t = get_token( line ); char *t =..."
5,4,Vulnerable,spice-vdagent__CVE-2017-15108,CVE-2017-15108,653,1,249,False,tail_512,2,6.6607666015625,8423,trace-csv::8424,Vulnerable,True,urjtag-0.8,,UNKNOWN,False,test,dataset/signature_db_Vul_data_with_cve.csv,592,1,262,0.028169014084507043,"udscs_do_read(&conn);static void udscs_do_read(struct udscs_connection **conp)udscs_read_complete(connp);conn->read_callback(connp, &conn->header, conn->data.buf);static void daemon_read_complete(struct udscs_connecti...","while(fgets(line, 1023, stdin)); jtag_readline_multiple_commands_support( line ); nextcmd = strstr(nextcmd, ""::""); /* :: to not confuse ms-dos users ;-) */ r = jtag_parse_line( line ); t = get_token( line ); char *t =..."
5,4,Vulnerable,spice-vdagent__CVE-2017-15108,CVE-2017-15108,653,1,249,False,tail_512,3,6.6865234375,8558,trace-csv::8559,Vulnerable,True,urjtag-0.8,,UNKNOWN,False,test,dataset/signature_db_Vul_data_with_cve.csv,592,1,262,0.028169014084507043,"udscs_do_read(&conn);static void udscs_do_read(struct udscs_connection **conp)udscs_read_complete(connp);conn->read_callback(connp, &conn->header, conn->data.buf);static void daemon_read_complete(struct udscs_connecti...","while(fgets(line, 1023, stdin)); jtag_readline_multiple_commands_support( line ); nextcmd = strstr(nextcmd, ""::""); /* :: to not confuse ms-dos users ;-) */ r = jtag_parse_line( line ); t = get_token( line ); char *t =..."
5,4,Vulnerable,spice-vdagent__CVE-2017-15108,CVE-2017-15108,653,1,249,False,tail_512,4,6.6865234375,8567,trace-csv::8568,Vulnerable,True,urjtag-0.8,,UNKNOWN,False,test,dataset/signature_db_Vul_data_with_cve.csv,592,1,262,0.028169014084507043,"udscs_do_read(&conn);static void udscs_do_read(struct udscs_connection **conp)udscs_read_complete(connp);conn->read_callback(connp, &conn->header, conn->data.buf);static void daemon_read_complete(struct udscs_connecti...","while(fgets(line, 1023, stdin)); jtag_readline_multiple_commands_support( line ); nextcmd = strstr(nextcmd, ""::""); /* :: to not confuse ms-dos users ;-) */ r = jtag_parse_line( line ); t = get_token( line ); char *t =..."
5,4,Vulnerable,spice-vdagent__CVE-2017-15108,CVE-2017-15108,653,1,249,False,tail_512,5,6.70513916015625,8462,trace-csv::8463,Vulnerable,True,urjtag-0.8,,UNKNOWN,False,test,dataset/signature_db_Vul_data_with_cve.csv,592,1,262,0.028169014084507043,"udscs_do_read(&conn);static void udscs_do_read(struct udscs_connection **conp)udscs_read_complete(connp);conn->read_callback(connp, &conn->header, conn->data.buf);static void daemon_read_complete(struct udscs_connecti...","while(fgets(line, 1023, stdin)); jtag_readline_multiple_commands_support( line ); nextcmd = strstr(nextcmd, ""::""); /* :: to not confuse ms-dos users ;-) */ r = jtag_parse_line( line ); t = get_token( line ); char *t =..."
5,4,Vulnerable,spice-vdagent__CVE-2017-15108,CVE-2017-15108,653,1,249,False,tail_512,6,6.70513916015625,8471,trace-csv::8472,Vulnerable,True,urjtag-0.8,,UNKNOWN,False,test,dataset/signature_db_Vul_data_with_cve.csv,592,1,262,0.028169014084507043,"udscs_do_read(&conn);static void udscs_do_read(struct udscs_connection **conp)udscs_read_complete(connp);conn->read_callback(connp, &conn->header, conn->data.buf);static void daemon_read_complete(struct udscs_connecti...","while(fgets(line, 1023, stdin)); jtag_readline_multiple_commands_support( line ); nextcmd = strstr(nextcmd, ""::""); /* :: to not confuse ms-dos users ;-) */ r = jtag_parse_line( line ); t = get_token( line ); char *t =..."
6,5,Safe,spice-vdagent__CVE-2017-15108,CVE-2017-15108,711,1,275,False,tail_512,1,8.19775390625,8415,trace-csv::8416,Vulnerable,False,urjtag-0.8,,UNKNOWN,False,test,dataset/signature_db_Vul_data_with_cve.csv,632,1,277,0.0410958904109589,"udscs_do_read(&conn);static void udscs_do_read(struct udscs_connection **conp)udscs_read_complete(connp);conn->read_callback(connp, &conn->header, conn->data.buf);static void daemon_read_complete(struct udscs_connecti...","while(fgets(line, 1023, stdin)); jtag_readline_multiple_commands_support( line ); nextcmd = strstr(nextcmd, ""::""); /* :: to not confuse ms-dos users ;-) */ r = jtag_parse_line( line ); char *nextcmd = line; line = nex..."
6,5,Safe,spice-vdagent__CVE-2017-15108,CVE-2017-15108,711,1,275,False,tail_512,2,8.22998046875,8559,trace-csv::8560,Vulnerable,False,urjtag-0.8,,UNKNOWN,False,test,dataset/signature_db_Vul_data_with_cve.csv,632,1,277,0.0410958904109589,"udscs_do_read(&conn);static void udscs_do_read(struct udscs_connection **conp)udscs_read_complete(connp);conn->read_callback(connp, &conn->header, conn->data.buf);static void daemon_read_complete(struct udscs_connecti...","while(fgets(line, 1023, stdin)); jtag_readline_multiple_commands_support( line ); nextcmd = strstr(nextcmd, ""::""); /* :: to not confuse ms-dos users ;-) */ r = jtag_parse_line( line ); char *nextcmd = line; line = nex..."
6,5,Safe,spice-vdagent__CVE-2017-15108,CVE-2017-15108,711,1,275,False,tail_512,3,8.2630615234375,8463,trace-csv::8464,Vulnerable,False,urjtag-0.8,,UNKNOWN,False,test,dataset/signature_db_Vul_data_with_cve.csv,632,1,277,0.0410958904109589,"udscs_do_read(&conn);static void udscs_do_read(struct udscs_connection **conp)udscs_read_complete(connp);conn->read_callback(connp, &conn->header, conn->data.buf);static void daemon_read_complete(struct udscs_connecti...","while(fgets(line, 1023, stdin)); jtag_readline_multiple_commands_support( line ); nextcmd = strstr(nextcmd, ""::""); /* :: to not confuse ms-dos users ;-) */ r = jtag_parse_line( line ); char *nextcmd = line; line = nex..."
6,5,Safe,spice-vdagent__CVE-2017-15108,CVE-2017-15108,711,1,275,False,tail_512,4,8.2923583984375,8414,trace-csv::8415,Vulnerable,False,urjtag-0.8,,UNKNOWN,False,test,dataset/signature_db_Vul_data_with_cve.csv,592,1,262,0.0410958904109589,"udscs_do_read(&conn);static void udscs_do_read(struct udscs_connection **conp)udscs_read_complete(connp);conn->read_callback(connp, &conn->header, conn->data.buf);static void daemon_read_complete(struct udscs_connecti...","while(fgets(line, 1023, stdin)); jtag_readline_multiple_commands_support( line ); nextcmd = strstr(nextcmd, ""::""); /* :: to not confuse ms-dos users ;-) */ r = jtag_parse_line( line ); t = get_token( line ); char *t =..."
6,5,Safe,spice-vdagent__CVE-2017-15108,CVE-2017-15108,711,1,275,False,tail_512,5,8.2923583984375,8423,trace-csv::8424,Vulnerable,False,urjtag-0.8,,UNKNOWN,False,test,dataset/signature_db_Vul_data_with_cve.csv,592,1,262,0.0410958904109589,"udscs_do_read(&conn);static void udscs_do_read(struct udscs_connection **conp)udscs_read_complete(connp);conn->read_callback(connp, &conn->header, conn->data.buf);static void daemon_read_complete(struct udscs_connecti...","while(fgets(line, 1023, stdin)); jtag_readline_multiple_commands_support( line ); nextcmd = strstr(nextcmd, ""::""); /* :: to not confuse ms-dos users ;-) */ r = jtag_parse_line( line ); t = get_token( line ); char *t =..."
6,5,Safe,spice-vdagent__CVE-2017-15108,CVE-2017-15108,711,1,275,False,tail_512,6,8.2945556640625,8607,trace-csv::8608,Vulnerable,False,urjtag-0.8,,UNKNOWN,False,test,dataset/signature_db_Vul_data_with_cve.csv,632,1,277,0.0410958904109589,"udscs_do_read(&conn);static void udscs_do_read(struct udscs_connection **conp)udscs_read_complete(connp);conn->read_callback(connp, &conn->header, conn->data.buf);static void daemon_read_complete(struct udscs_connecti...","while(fgets(line, 1023, stdin)); jtag_readline_multiple_commands_support( line ); nextcmd = strstr(nextcmd, ""::""); /* :: to not confuse ms-dos users ;-) */ r = jtag_parse_line( line ); char *nextcmd = line; line = nex..."
7,6,Vulnerable,php-src__CVE-2015-8617,CVE-2015-8617,423,1,188,False,tail_512,1,6.4854736328125,8066,trace-csv::8067,Vulnerable,True,autotrace-20200219.65,CVE-2017-9181,CVE-2017-9181,False,test,dataset/signature_db_Vul_data_with_cve.csv,398,1,153,0.018867924528301886,"size_t len = php_stream_read(s, buf, SAPI_POST_HANDLER_BUFSIZ);smart_str_appendl(&post_data.str, buf, len);if (SUCCESS != add_post_vars(arr, &post_data, 0 TSRMLS_CC)) {static inline int add_post_vars(zval *arr, post_v...","if (!ReadOK(fd, buffer, 8)) { Bitmap_Head.biWidth = ToS(&buffer[0x00]); /* 12 */ return ((short)(puffer[0] | puffer[1] << 8)); if ((Bitmap_Head.biHeight == 0 || Bitmap_Head.biWidth == 0) image_storage = ReadImage(fd, ..."
7,6,Vulnerable,php-src__CVE-2015-8617,CVE-2015-8617,423,1,188,False,tail_512,2,6.50408935546875,8069,trace-csv::8070,Vulnerable,True,autotrace-20200219.65,CVE-2017-9181,CVE-2017-9181,False,test,dataset/signature_db_Vul_data_with_cve.csv,398,1,153,0.018867924528301886,"size_t len = php_stream_read(s, buf, SAPI_POST_HANDLER_BUFSIZ);smart_str_appendl(&post_data.str, buf, len);if (SUCCESS != add_post_vars(arr, &post_data, 0 TSRMLS_CC)) {static inline int add_post_vars(zval *arr, post_v...","if (!ReadOK(fd, buffer, 8)) { Bitmap_Head.biWidth = ToS(&buffer[0x00]); /* 12 */ return ((short)(puffer[0] | puffer[1] << 8)); if ((Bitmap_Head.biHeight == 0 || Bitmap_Head.biWidth == 0) image_storage = ReadImage(fd, ..."
7,6,Vulnerable,php-src__CVE-2015-8617,CVE-2015-8617,423,1,188,False,tail_512,3,6.50408935546875,8072,trace-csv::8073,Vulnerable,True,autotrace-20200219.65,CVE-2017-9181,CVE-2017-9181,False,test,dataset/signature_db_Vul_data_with_cve.csv,398,1,153,0.018867924528301886,"size_t len = php_stream_read(s, buf, SAPI_POST_HANDLER_BUFSIZ);smart_str_appendl(&post_data.str, buf, len);if (SUCCESS != add_post_vars(arr, &post_data, 0 TSRMLS_CC)) {static inline int add_post_vars(zval *arr, post_v...","if (!ReadOK(fd, buffer, 8)) { Bitmap_Head.biWidth = ToS(&buffer[0x00]); /* 12 */ return ((short)(puffer[0] | puffer[1] << 8)); if ((Bitmap_Head.biHeight == 0 || Bitmap_Head.biWidth == 0) image_storage = ReadImage(fd, ..."
7,6,Vulnerable,php-src__CVE-2015-8617,CVE-2015-8617,423,1,188,False,tail_512,4,6.53729248046875,8067,trace-csv::8068,Vulnerable,True,autotrace-20200219.65,CVE-2017-9181,CVE-2017-9181,False,test,dataset/signature_db_Vul_data_with_cve.csv,400,1,154,0.018867924528301886,"size_t len = php_stream_read(s, buf, SAPI_POST_HANDLER_BUFSIZ);smart_str_appendl(&post_data.str, buf, len);if (SUCCESS != add_post_vars(arr, &post_data, 0 TSRMLS_CC)) {static inline int add_post_vars(zval *arr, post_v...","if (!ReadOK(fd, buffer, 8)) { Bitmap_Head.biHeight = ToS(&buffer[0x02]); /* 14 */ return ((short)(puffer[0] | puffer[1] << 8)); if ((Bitmap_Head.biHeight == 0 || Bitmap_Head.biWidth == 0) image_storage = ReadImage(fd,..."
7,6,Vulnerable,php-src__CVE-2015-8617,CVE-2015-8617,423,1,188,False,tail_512,5,6.53729248046875,8070,trace-csv::8071,Vulnerable,True,autotrace-20200219.65,CVE-2017-9181,CVE-2017-9181,False,test,dataset/signature_db_Vul_data_with_cve.csv,400,1,154,0.018867924528301886,"size_t len = php_stream_read(s, buf, SAPI_POST_HANDLER_BUFSIZ);smart_str_appendl(&post_data.str, buf, len);if (SUCCESS != add_post_vars(arr, &post_data, 0 TSRMLS_CC)) {static inline int add_post_vars(zval *arr, post_v...","if (!ReadOK(fd, buffer, 8)) { Bitmap_Head.biHeight = ToS(&buffer[0x02]); /* 14 */ return ((short)(puffer[0] | puffer[1] << 8)); if ((Bitmap_Head.biHeight == 0 || Bitmap_Head.biWidth == 0) image_storage = ReadImage(fd,..."
7,6,Vulnerable,php-src__CVE-2015-8617,CVE-2015-8617,423,1,188,False,tail_512,6,6.5406494140625,8064,trace-csv::8065,Vulnerable,True,autotrace-20200219.65,CVE-2017-9181,CVE-2017-9181,False,test,dataset/signature_db_Vul_data_with_cve.csv,400,1,154,0.018867924528301886,"size_t len = php_stream_read(s, buf, SAPI_POST_HANDLER_BUFSIZ);smart_str_appendl(&post_data.str, buf, len);if (SUCCESS != add_post_vars(arr, &post_data, 0 TSRMLS_CC)) {static inline int add_post_vars(zval *arr, post_v...","if (!ReadOK(fd, buffer, 8)) { Bitmap_Head.biHeight = ToS(&buffer[0x02]); /* 14 */ return ((short)(puffer[0] | puffer[1] << 8)); if ((Bitmap_Head.biHeight == 0 || Bitmap_Head.biWidth == 0) image_storage = ReadImage(fd,..."
8,7,Safe,php-src__CVE-2015-8617,CVE-2015-8617,457,1,198,False,tail_512,1,5.78607177734375,8414,trace-csv::8415,Vulnerable,False,urjtag-0.8,,UNKNOWN,False,test,dataset/signature_db_Vul_data_with_cve.csv,592,1,262,0.06060606060606061,"size_t len = php_stream_read(s, buf, SAPI_POST_HANDLER_BUFSIZ);smart_str_appendl(&post_data.str, buf, len);if (SUCCESS != add_post_vars(arr, &post_data, 0 TSRMLS_CC)) {static inline int add_post_vars(zval *arr, post_v...","while(fgets(line, 1023, stdin)); jtag_readline_multiple_commands_support( line ); nextcmd = strstr(nextcmd, ""::""); /* :: to not confuse ms-dos users ;-) */ r = jtag_parse_line( line ); t = get_token( line ); char *t =..."
8,7,Safe,php-src__CVE-2015-8617,CVE-2015-8617,457,1,198,False,tail_512,2,5.78607177734375,8423,trace-csv::8424,Vulnerable,False,urjtag-0.8,,UNKNOWN,False,test,dataset/signature_db_Vul_data_with_cve.csv,592,1,262,0.06060606060606061,"size_t len = php_stream_read(s, buf, SAPI_POST_HANDLER_BUFSIZ);smart_str_appendl(&post_data.str, buf, len);if (SUCCESS != add_post_vars(arr, &post_data, 0 TSRMLS_CC)) {static inline int add_post_vars(zval *arr, post_v...","while(fgets(line, 1023, stdin)); jtag_readline_multiple_commands_support( line ); nextcmd = strstr(nextcmd, ""::""); /* :: to not confuse ms-dos users ;-) */ r = jtag_parse_line( line ); t = get_token( line ); char *t =..."
8,7,Safe,php-src__CVE-2015-8617,CVE-2015-8617,457,1,198,False,tail_512,3,5.7996826171875,8462,trace-csv::8463,Vulnerable,False,urjtag-0.8,,UNKNOWN,False,test,dataset/signature_db_Vul_data_with_cve.csv,592,1,262,0.06060606060606061,"size_t len = php_stream_read(s, buf, SAPI_POST_HANDLER_BUFSIZ);smart_str_appendl(&post_data.str, buf, len);if (SUCCESS != add_post_vars(arr, &post_data, 0 TSRMLS_CC)) {static inline int add_post_vars(zval *arr, post_v...","while(fgets(line, 1023, stdin)); jtag_readline_multiple_commands_support( line ); nextcmd = strstr(nextcmd, ""::""); /* :: to not confuse ms-dos users ;-) */ r = jtag_parse_line( line ); t = get_token( line ); char *t =..."
8,7,Safe,php-src__CVE-2015-8617,CVE-2015-8617,457,1,198,False,tail_512,4,5.7996826171875,8471,trace-csv::8472,Vulnerable,False,urjtag-0.8,,UNKNOWN,False,test,dataset/signature_db_Vul_data_with_cve.csv,592,1,262,0.06060606060606061,"size_t len = php_stream_read(s, buf, SAPI_POST_HANDLER_BUFSIZ);smart_str_appendl(&post_data.str, buf, len);if (SUCCESS != add_post_vars(arr, &post_data, 0 TSRMLS_CC)) {static inline int add_post_vars(zval *arr, post_v...","while(fgets(line, 1023, stdin)); jtag_readline_multiple_commands_support( line ); nextcmd = strstr(nextcmd, ""::""); /* :: to not confuse ms-dos users ;-) */ r = jtag_parse_line( line ); t = get_token( line ); char *t =..."
8,7,Safe,php-src__CVE-2015-8617,CVE-2015-8617,457,1,198,False,tail_512,5,5.810546875,8558,trace-csv::8559,Vulnerable,False,urjtag-0.8,,UNKNOWN,False,test,dataset/signature_db_Vul_data_with_cve.csv,592,1,262,0.06060606060606061,"size_t len = php_stream_read(s, buf, SAPI_POST_HANDLER_BUFSIZ);smart_str_appendl(&post_data.str, buf, len);if (SUCCESS != add_post_vars(arr, &post_data, 0 TSRMLS_CC)) {static inline int add_post_vars(zval *arr, post_v...","while(fgets(line, 1023, stdin)); jtag_readline_multiple_commands_support( line ); nextcmd = strstr(nextcmd, ""::""); /* :: to not confuse ms-dos users ;-) */ r = jtag_parse_line( line ); t = get_token( line ); char *t =..."
8,7,Safe,php-src__CVE-2015-8617,CVE-2015-8617,457,1,198,False,tail_512,6,5.810546875,8567,trace-csv::8568,Vulnerable,False,urjtag-0.8,,UNKNOWN,False,test,dataset/signature_db_Vul_data_with_cve.csv,592,1,262,0.06060606060606061,"size_t len = php_stream_read(s, buf, SAPI_POST_HANDLER_BUFSIZ);smart_str_appendl(&post_data.str, buf, len);if (SUCCESS != add_post_vars(arr, &post_data, 0 TSRMLS_CC)) {static inline int add_post_vars(zval *arr, post_v...","while(fgets(line, 1023, stdin)); jtag_readline_multiple_commands_support( line ); nextcmd = strstr(nextcmd, ""::""); /* :: to not confuse ms-dos users ;-) */ r = jtag_parse_line( line ); t = get_token( line ); char *t =..."
9,8,Vulnerable,rsyslog__CVE-2017-12588,CVE-2017-12588,561,1,225,False,tail_512,1,5.63287353515625,8011,trace-csv::8012,Vulnerable,True,autotrace-20200219.65,CVE-2017-9181,CVE-2017-9181,False,test,dataset/signature_db_Vul_data_with_cve.csv,592,1,259,0.03076923076923077,"CHKiRet(actionPrepare(pThis, pWti));CHKiRet(pThis->pMod->mod.om.createWrkrInstance(&(pWti->actWrkrInfo[pThis->iActionNbr].actWrkrData), pThis->pModData));CHKiRet(actionCallDoAction(pThis, actParams, pWti));iRet = pThi...","if (!ReadOK(fd, buffer, Bitmap_File_Head.biSize - 4)) { Bitmap_Head.biBitCnt = ToS(&buffer[0x0A]); /* 1C */ return ((short)(puffer[0] | puffer[1] << 8)); if ((Bitmap_Head.biClrUsed == 0) && (Bitmap_Head.biBitCnt <= 8)..."
9,8,Vulnerable,rsyslog__CVE-2017-12588,CVE-2017-12588,561,1,225,False,tail_512,2,5.63287353515625,8012,trace-csv::8013,Vulnerable,True,autotrace-20200219.65,CVE-2017-9181,CVE-2017-9181,False,test,dataset/signature_db_Vul_data_with_cve.csv,592,1,259,0.03076923076923077,"CHKiRet(actionPrepare(pThis, pWti));CHKiRet(pThis->pMod->mod.om.createWrkrInstance(&(pWti->actWrkrInfo[pThis->iActionNbr].actWrkrData), pThis->pModData));CHKiRet(actionCallDoAction(pThis, actParams, pWti));iRet = pThi...","if (!ReadOK(fd, buffer, Bitmap_File_Head.biSize - 4)) { Bitmap_Head.biBitCnt = ToS(&buffer[0x0A]); /* 1C */ return ((short)(puffer[0] | puffer[1] << 8)); if ((Bitmap_Head.biClrUsed == 0) && (Bitmap_Head.biBitCnt <= 8)..."
9,8,Vulnerable,rsyslog__CVE-2017-12588,CVE-2017-12588,561,1,225,False,tail_512,3,5.63287353515625,8048,trace-csv::8049,Vulnerable,True,autotrace-20200219.65,CVE-2017-9181,CVE-2017-9181,False,test,dataset/signature_db_Vul_data_with_cve.csv,592,1,259,0.03076923076923077,"CHKiRet(actionPrepare(pThis, pWti));CHKiRet(pThis->pMod->mod.om.createWrkrInstance(&(pWti->actWrkrInfo[pThis->iActionNbr].actWrkrData), pThis->pModData));CHKiRet(actionCallDoAction(pThis, actParams, pWti));iRet = pThi...","if (!ReadOK(fd, buffer, Bitmap_File_Head.biSize - 4)) { Bitmap_Head.biBitCnt = ToS(&buffer[0x0A]); /* 1C */ return ((short)(puffer[0] | puffer[1] << 8)); if ((Bitmap_Head.biClrUsed == 0) && (Bitmap_Head.biBitCnt <= 8)..."
9,8,Vulnerable,rsyslog__CVE-2017-12588,CVE-2017-12588,561,1,225,False,tail_512,4,5.63287353515625,8049,trace-csv::8050,Vulnerable,True,autotrace-20200219.65,CVE-2017-9181,CVE-2017-9181,False,test,dataset/signature_db_Vul_data_with_cve.csv,592,1,259,0.03076923076923077,"CHKiRet(actionPrepare(pThis, pWti));CHKiRet(pThis->pMod->mod.om.createWrkrInstance(&(pWti->actWrkrInfo[pThis->iActionNbr].actWrkrData), pThis->pModData));CHKiRet(actionCallDoAction(pThis, actParams, pWti));iRet = pThi...","if (!ReadOK(fd, buffer, Bitmap_File_Head.biSize - 4)) { Bitmap_Head.biBitCnt = ToS(&buffer[0x0A]); /* 1C */ return ((short)(puffer[0] | puffer[1] << 8)); if ((Bitmap_Head.biClrUsed == 0) && (Bitmap_Head.biBitCnt <= 8)..."
9,8,Vulnerable,rsyslog__CVE-2017-12588,CVE-2017-12588,561,1,225,False,tail_512,5,5.7427978515625,8082,trace-csv::8083,Vulnerable,True,autotrace-20200219.65,CVE-2017-9181,CVE-2017-9181,False,test,dataset/signature_db_Vul_data_with_cve.csv,566,1,247,0.031746031746031744,"CHKiRet(actionPrepare(pThis, pWti));CHKiRet(pThis->pMod->mod.om.createWrkrInstance(&(pWti->actWrkrInfo[pThis->iActionNbr].actWrkrData), pThis->pModData));CHKiRet(actionCallDoAction(pThis, actParams, pWti));iRet = pThi...","if (!ReadOK(fd, buffer, 8)) { Bitmap_Head.biBitCnt = ToS(&buffer[0x06]); /* 18 */ return ((short)(puffer[0] | puffer[1] << 8)); if ((Bitmap_Head.biClrUsed == 0) && (Bitmap_Head.biBitCnt <= 8)) image_storage = ReadImag..."
9,8,Vulnerable,rsyslog__CVE-2017-12588,CVE-2017-12588,561,1,225,False,tail_512,6,5.8349609375,8558,trace-csv::8559,Vulnerable,True,urjtag-0.8,,UNKNOWN,False,test,dataset/signature_db_Vul_data_with_cve.csv,592,1,262,0.0273972602739726,"CHKiRet(actionPrepare(pThis, pWti));CHKiRet(pThis->pMod->mod.om.createWrkrInstance(&(pWti->actWrkrInfo[pThis->iActionNbr].actWrkrData), pThis->pModData));CHKiRet(actionCallDoAction(pThis, actParams, pWti));iRet = pThi...","while(fgets(line, 1023, stdin)); jtag_readline_multiple_commands_support( line ); nextcmd = strstr(nextcmd, ""::""); /* :: to not confuse ms-dos users ;-) */ r = jtag_parse_line( line ); t = get_token( line ); char *t =..."
10,9,Safe,rsyslog__CVE-2017-12588,CVE-2017-12588,567,1,228,False,tail_512,1,5.62652587890625,8011,trace-csv::8012,Vulnerable,False,autotrace-20200219.65,CVE-2017-9181,CVE-2017-9181,False,test,dataset/signature_db_Vul_data_with_cve.csv,592,1,259,0.03076923076923077,"CHKiRet(actionPrepare(pThis, pWti));CHKiRet(pThis->pMod->mod.om.createWrkrInstance(&(pWti->actWrkrInfo[pThis->iActionNbr].actWrkrData), pThis->pModData));CHKiRet(actionCallDoAction(pThis, actParams, pWti));iRet = pThi...","if (!ReadOK(fd, buffer, Bitmap_File_Head.biSize - 4)) { Bitmap_Head.biBitCnt = ToS(&buffer[0x0A]); /* 1C */ return ((short)(puffer[0] | puffer[1] << 8)); if ((Bitmap_Head.biClrUsed == 0) && (Bitmap_Head.biBitCnt <= 8)..."
10,9,Safe,rsyslog__CVE-2017-12588,CVE-2017-12588,567,1,228,False,tail_512,2,5.62652587890625,8012,trace-csv::8013,Vulnerable,False,autotrace-20200219.65,CVE-2017-9181,CVE-2017-9181,False,test,dataset/signature_db_Vul_data_with_cve.csv,592,1,259,0.03076923076923077,"CHKiRet(actionPrepare(pThis, pWti));CHKiRet(pThis->pMod->mod.om.createWrkrInstance(&(pWti->actWrkrInfo[pThis->iActionNbr].actWrkrData), pThis->pModData));CHKiRet(actionCallDoAction(pThis, actParams, pWti));iRet = pThi...","if (!ReadOK(fd, buffer, Bitmap_File_Head.biSize - 4)) { Bitmap_Head.biBitCnt = ToS(&buffer[0x0A]); /* 1C */ return ((short)(puffer[0] | puffer[1] << 8)); if ((Bitmap_Head.biClrUsed == 0) && (Bitmap_Head.biBitCnt <= 8)..."
10,9,Safe,rsyslog__CVE-2017-12588,CVE-2017-12588,567,1,228,False,tail_512,3,5.62652587890625,8048,trace-csv::8049,Vulnerable,False,autotrace-20200219.65,CVE-2017-9181,CVE-2017-9181,False,test,dataset/signature_db_Vul_data_with_cve.csv,592,1,259,0.03076923076923077,"CHKiRet(actionPrepare(pThis, pWti));CHKiRet(pThis->pMod->mod.om.createWrkrInstance(&(pWti->actWrkrInfo[pThis->iActionNbr].actWrkrData), pThis->pModData));CHKiRet(actionCallDoAction(pThis, actParams, pWti));iRet = pThi...","if (!ReadOK(fd, buffer, Bitmap_File_Head.biSize - 4)) { Bitmap_Head.biBitCnt = ToS(&buffer[0x0A]); /* 1C */ return ((short)(puffer[0] | puffer[1] << 8)); if ((Bitmap_Head.biClrUsed == 0) && (Bitmap_Head.biBitCnt <= 8)..."
10,9,Safe,rsyslog__CVE-2017-12588,CVE-2017-12588,567,1,228,False,tail_512,4,5.62652587890625,8049,trace-csv::8050,Vulnerable,False,autotrace-20200219.65,CVE-2017-9181,CVE-2017-9181,False,test,dataset/signature_db_Vul_data_with_cve.csv,592,1,259,0.03076923076923077,"CHKiRet(actionPrepare(pThis, pWti));CHKiRet(pThis->pMod->mod.om.createWrkrInstance(&(pWti->actWrkrInfo[pThis->iActionNbr].actWrkrData), pThis->pModData));CHKiRet(actionCallDoAction(pThis, actParams, pWti));iRet = pThi...","if (!ReadOK(fd, buffer, Bitmap_File_Head.biSize - 4)) { Bitmap_Head.biBitCnt = ToS(&buffer[0x0A]); /* 1C */ return ((short)(puffer[0] | puffer[1] << 8)); if ((Bitmap_Head.biClrUsed == 0) && (Bitmap_Head.biBitCnt <= 8)..."
10,9,Safe,rsyslog__CVE-2017-12588,CVE-2017-12588,567,1,228,False,tail_512,5,5.7354736328125,8082,trace-csv::8083,Vulnerable,False,autotrace-20200219.65,CVE-2017-9181,CVE-2017-9181,False,test,dataset/signature_db_Vul_data_with_cve.csv,566,1,247,0.031746031746031744,"CHKiRet(actionPrepare(pThis, pWti));CHKiRet(pThis->pMod->mod.om.createWrkrInstance(&(pWti->actWrkrInfo[pThis->iActionNbr].actWrkrData), pThis->pModData));CHKiRet(actionCallDoAction(pThis, actParams, pWti));iRet = pThi...","if (!ReadOK(fd, buffer, 8)) { Bitmap_Head.biBitCnt = ToS(&buffer[0x06]); /* 18 */ return ((short)(puffer[0] | puffer[1] << 8)); if ((Bitmap_Head.biClrUsed == 0) && (Bitmap_Head.biBitCnt <= 8)) image_storage = ReadImag..."
10,9,Safe,rsyslog__CVE-2017-12588,CVE-2017-12588,567,1,228,False,tail_512,6,5.7398681640625,8558,trace-csv::8559,Vulnerable,False,urjtag-0.8,,UNKNOWN,False,test,dataset/signature_db_Vul_data_with_cve.csv,592,1,262,0.0273972602739726,"CHKiRet(actionPrepare(pThis, pWti));CHKiRet(pThis->pMod->mod.om.createWrkrInstance(&(pWti->actWrkrInfo[pThis->iActionNbr].actWrkrData), pThis->pModData));CHKiRet(actionCallDoAction(pThis, actParams, pWti));iRet = pThi...","while(fgets(line, 1023, stdin)); jtag_readline_multiple_commands_support( line ); nextcmd = strstr(nextcmd, ""::""); /* :: to not confuse ms-dos users ;-) */ r = jtag_parse_line( line ); t = get_token( line ); char *t =..."
11,10,Vulnerable,plasma-workspace__CVE-2018-6791,CVE-2018-6791,691,1,201,False,tail_512,1,8.408447265625,8689,trace-csv::8690,Vulnerable,True,zsh-5.4.2,CVE-2018-1100,CVE-2018-1100,False,test,dataset/signature_db_Vul_data_with_cve.csv,351,1,169,0.017241379310344827,"void SolidUiServer::showActionsDialog(const QString &udi, const QStringList &desktopFiles)foreach (const QString &desktop, desktopFiles) {const QString filePath = QStandardPaths::locate(QStandardPaths::GenericDataLoca...","de = readdir(dir); return metafy(de->d_name, -1, META_STATIC); buf = hrealloc(buf, len, len + meta + 1); if (!old && !p) if (p >= arena(h) && p < arena(h) + ARENA_SIZEOF(h)) if (p + old < arena(h) + h->used) { return ..."
11,10,Vulnerable,plasma-workspace__CVE-2018-6791,CVE-2018-6791,691,1,201,False,tail_512,2,8.408447265625,8691,trace-csv::8692,Vulnerable,True,zsh-5.4.2,CVE-2018-1100,CVE-2018-1100,False,test,dataset/signature_db_Vul_data_with_cve.csv,351,1,169,0.017241379310344827,"void SolidUiServer::showActionsDialog(const QString &udi, const QStringList &desktopFiles)foreach (const QString &desktop, desktopFiles) {const QString filePath = QStandardPaths::locate(QStandardPaths::GenericDataLoca...","de = readdir(dir); return metafy(de->d_name, -1, META_STATIC); buf = hrealloc(buf, len, len + meta + 1); if (!old && !p) if (p >= arena(h) && p < arena(h) + ARENA_SIZEOF(h)) if (p + old < arena(h) + h->used) { return ..."
11,10,Vulnerable,plasma-workspace__CVE-2018-6791,CVE-2018-6791,691,1,201,False,tail_512,3,8.408447265625,8693,trace-csv::8694,Vulnerable,True,zsh-5.4.2,CVE-2018-1100,CVE-2018-1100,False,test,dataset/signature_db_Vul_data_with_cve.csv,351,1,169,0.017241379310344827,"void SolidUiServer::showActionsDialog(const QString &udi, const QStringList &desktopFiles)foreach (const QString &desktop, desktopFiles) {const QString filePath = QStandardPaths::locate(QStandardPaths::GenericDataLoca...","de = readdir(dir); return metafy(de->d_name, -1, META_STATIC); buf = hrealloc(buf, len, len + meta + 1); if (!old && !p) if (p >= arena(h) && p < arena(h) + ARENA_SIZEOF(h)) if (p + old < arena(h) + h->used) { return ..."
11,10,Vulnerable,plasma-workspace__CVE-2018-6791,CVE-2018-6791,691,1,201,False,tail_512,4,8.408447265625,8695,trace-csv::8696,Vulnerable,True,zsh-5.4.2,CVE-2018-1100,CVE-2018-1100,False,test,dataset/signature_db_Vul_data_with_cve.csv,351,1,169,0.017241379310344827,"void SolidUiServer::showActionsDialog(const QString &udi, const QStringList &desktopFiles)foreach (const QString &desktop, desktopFiles) {const QString filePath = QStandardPaths::locate(QStandardPaths::GenericDataLoca...","de = readdir(dir); return metafy(de->d_name, -1, META_STATIC); buf = hrealloc(buf, len, len + meta + 1); if (!old && !p) if (p >= arena(h) && p < arena(h) + ARENA_SIZEOF(h)) if (p + old < arena(h) + h->used) { return ..."
11,10,Vulnerable,plasma-workspace__CVE-2018-6791,CVE-2018-6791,691,1,201,False,tail_512,5,8.408447265625,8697,trace-csv::8698,Vulnerable,True,zsh-5.4.2,CVE-2018-1100,CVE-2018-1100,False,test,dataset/signature_db_Vul_data_with_cve.csv,351,1,169,0.017241379310344827,"void SolidUiServer::showActionsDialog(const QString &udi, const QStringList &desktopFiles)foreach (const QString &desktop, desktopFiles) {const QString filePath = QStandardPaths::locate(QStandardPaths::GenericDataLoca...","de = readdir(dir); return metafy(de->d_name, -1, META_STATIC); buf = hrealloc(buf, len, len + meta + 1); if (!old && !p) if (p >= arena(h) && p < arena(h) + ARENA_SIZEOF(h)) if (p + old < arena(h) + h->used) { return ..."
11,10,Vulnerable,plasma-workspace__CVE-2018-6791,CVE-2018-6791,691,1,201,False,tail_512,6,8.4310302734375,8690,trace-csv::8691,Vulnerable,True,zsh-5.4.2,CVE-2018-1100,CVE-2018-1100,False,test,dataset/signature_db_Vul_data_with_cve.csv,358,1,174,0.0,"void SolidUiServer::showActionsDialog(const QString &udi, const QStringList &desktopFiles)foreach (const QString &desktop, desktopFiles) {const QString filePath = QStandardPaths::locate(QStandardPaths::GenericDataLoca...","de = readdir(dir); return metafy(de->d_name, -1, META_STATIC); buf = hrealloc(buf, len, len + meta + 1); if (!old && !p) if (p >= arena(h) && p < arena(h) + ARENA_SIZEOF(h)) if (p + old < arena(h) + h->used) { if (p =..."
12,11,Safe,plasma-workspace__CVE-2018-6791,CVE-2018-6791,701,1,203,False,tail_512,1,8.42962646484375,8690,trace-csv::8691,Vulnerable,False,zsh-5.4.2,CVE-2018-1100,CVE-2018-1100,False,test,dataset/signature_db_Vul_data_with_cve.csv,358,1,174,0.0,"void SolidUiServer::showActionsDialog(const QString &udi, const QStringList &desktopFiles)foreach (const QString &desktop, desktopFiles) {const QString filePath = QStandardPaths::locate(QStandardPaths::GenericDataLoca...","de = readdir(dir); return metafy(de->d_name, -1, META_STATIC); buf = hrealloc(buf, len, len + meta + 1); if (!old && !p) if (p >= arena(h) && p < arena(h) + ARENA_SIZEOF(h)) if (p + old < arena(h) + h->used) { if (p =..."
12,11,Safe,plasma-workspace__CVE-2018-6791,CVE-2018-6791,701,1,203,False,tail_512,2,8.42962646484375,8692,trace-csv::8693,Vulnerable,False,zsh-5.4.2,CVE-2018-1100,CVE-2018-1100,False,test,dataset/signature_db_Vul_data_with_cve.csv,358,1,174,0.0,"void SolidUiServer::showActionsDialog(const QString &udi, const QStringList &desktopFiles)foreach (const QString &desktop, desktopFiles) {const QString filePath = QStandardPaths::locate(QStandardPaths::GenericDataLoca...","de = readdir(dir); return metafy(de->d_name, -1, META_STATIC); buf = hrealloc(buf, len, len + meta + 1); if (!old && !p) if (p >= arena(h) && p < arena(h) + ARENA_SIZEOF(h)) if (p + old < arena(h) + h->used) { if (p =..."
12,11,Safe,plasma-workspace__CVE-2018-6791,CVE-2018-6791,701,1,203,False,tail_512,3,8.42962646484375,8694,trace-csv::8695,Vulnerable,False,zsh-5.4.2,CVE-2018-1100,CVE-2018-1100,False,test,dataset/signature_db_Vul_data_with_cve.csv,358,1,174,0.0,"void SolidUiServer::showActionsDialog(const QString &udi, const QStringList &desktopFiles)foreach (const QString &desktop, desktopFiles) {const QString filePath = QStandardPaths::locate(QStandardPaths::GenericDataLoca...","de = readdir(dir); return metafy(de->d_name, -1, META_STATIC); buf = hrealloc(buf, len, len + meta + 1); if (!old && !p) if (p >= arena(h) && p < arena(h) + ARENA_SIZEOF(h)) if (p + old < arena(h) + h->used) { if (p =..."
12,11,Safe,plasma-workspace__CVE-2018-6791,CVE-2018-6791,701,1,203,False,tail_512,4,8.42962646484375,8696,trace-csv::8697,Vulnerable,False,zsh-5.4.2,CVE-2018-1100,CVE-2018-1100,False,test,dataset/signature_db_Vul_data_with_cve.csv,358,1,174,0.0,"void SolidUiServer::showActionsDialog(const QString &udi, const QStringList &desktopFiles)foreach (const QString &desktop, desktopFiles) {const QString filePath = QStandardPaths::locate(QStandardPaths::GenericDataLoca...","de = readdir(dir); return metafy(de->d_name, -1, META_STATIC); buf = hrealloc(buf, len, len + meta + 1); if (!old && !p) if (p >= arena(h) && p < arena(h) + ARENA_SIZEOF(h)) if (p + old < arena(h) + h->used) { if (p =..."
12,11,Safe,plasma-workspace__CVE-2018-6791,CVE-2018-6791,701,1,203,False,tail_512,5,8.42962646484375,8698,trace-csv::8699,Vulnerable,False,zsh-5.4.2,CVE-2018-1100,CVE-2018-1100,False,test,dataset/signature_db_Vul_data_with_cve.csv,358,1,174,0.0,"void SolidUiServer::showActionsDialog(const QString &udi, const QStringList &desktopFiles)foreach (const QString &desktop, desktopFiles) {const QString filePath = QStandardPaths::locate(QStandardPaths::GenericDataLoca...","de = readdir(dir); return metafy(de->d_name, -1, META_STATIC); buf = hrealloc(buf, len, len + meta + 1); if (!old && !p) if (p >= arena(h) && p < arena(h) + ARENA_SIZEOF(h)) if (p + old < arena(h) + h->used) { if (p =..."
12,11,Safe,plasma-workspace__CVE-2018-6791,CVE-2018-6791,701,1,203,False,tail_512,6,8.43572998046875,8689,trace-csv::8690,Vulnerable,False,zsh-5.4.2,CVE-2018-1100,CVE-2018-1100,False,test,dataset/signature_db_Vul_data_with_cve.csv,351,1,169,0.017241379310344827,"void SolidUiServer::showActionsDialog(const QString &udi, const QStringList &desktopFiles)foreach (const QString &desktop, desktopFiles) {const QString filePath = QStandardPaths::locate(QStandardPaths::GenericDataLoca...","de = readdir(dir); return metafy(de->d_name, -1, META_STATIC); buf = hrealloc(buf, len, len + meta + 1); if (!old && !p) if (p >= arena(h) && p < arena(h) + ARENA_SIZEOF(h)) if (p + old < arena(h) + h->used) { return ..."
13,12,Vulnerable,shadowsocks-libev__CVE-2017-15924,CVE-2017-15924,492,1,173,False,tail_512,1,4.72998046875,8688,trace-csv::8689,Vulnerable,True,zsh-5.4.2,CVE-2018-1100,CVE-2018-1100,False,test,dataset/signature_db_Vul_data_with_cve.csv,305,1,147,0.06382978723404255,"r = recvfrom(manager->fd, buf, BUF_SIZE, 0, (struct sockaddr *)&claddr, &len);struct server *server = get_server(buf, r);int ret = add_server(manager, server);char *cmd = construct_command_line(manager, server);if (se...","de = readdir(dir); return metafy(de->d_name, -1, META_STATIC); buf = hrealloc(buf, len, len + meta + 1); if (!old && !p) if (p + old < arena(h) + h->used) { if (p == arena(h)) { return p; return buf; while ((fn = zrea..."
13,12,Vulnerable,shadowsocks-libev__CVE-2017-15924,CVE-2017-15924,492,1,173,False,tail_512,2,4.7685546875,8701,trace-csv::8702,Vulnerable,True,zsh-5.4.2,CVE-2018-1100,CVE-2018-1100,False,test,dataset/signature_db_Vul_data_with_cve.csv,299,1,142,0.06382978723404255,"r = recvfrom(manager->fd, buf, BUF_SIZE, 0, (struct sockaddr *)&claddr, &len);struct server *server = get_server(buf, r);int ret = add_server(manager, server);char *cmd = construct_command_line(manager, server);if (se...","de = readdir(dir); return metafy(de->d_name, -1, META_STATIC); buf = hrealloc(buf, len, len + meta + 1); if (!old && !p) if (p + old < arena(h) + h->used) { if (p == arena(h)) { return p; return buf; while ((fn = zrea..."
13,12,Vulnerable,shadowsocks-libev__CVE-2017-15924,CVE-2017-15924,492,1,173,False,tail_512,3,4.76885986328125,8358,trace-csv::8359,Vulnerable,True,shntool-3.0.5,,UNKNOWN,False,test,dataset/signature_db_Vul_data_with_cve.csv,381,1,165,0.058823529411764705,"r = recvfrom(manager->fd, buf, BUF_SIZE, 0, (struct sockaddr *)&claddr, &len);struct server *server = get_server(buf, r);int ret = add_server(manager, server);char *cmd = construct_command_line(manager, server);if (se...","if (fread(buf, 1, 4, file) != 4) *le_val = (buf[3] << 24) | (buf[2] << 16) | (buf[1] << 8) | buf[0]; if (!read_tag(info->input,tag) || !read_le_long(info->input,&le_long)) { info->data_size = le_long; success = shift_..."
13,12,Vulnerable,shadowsocks-libev__CVE-2017-15924,CVE-2017-15924,492,1,173,False,tail_512,4,4.76885986328125,8361,trace-csv::8362,Vulnerable,True,shntool-3.0.5,,UNKNOWN,False,test,dataset/signature_db_Vul_data_with_cve.csv,381,1,165,0.058823529411764705,"r = recvfrom(manager->fd, buf, BUF_SIZE, 0, (struct sockaddr *)&claddr, &len);struct server *server = get_server(buf, r);int ret = add_server(manager, server);char *cmd = construct_command_line(manager, server);if (se...","if (fread(buf, 1, 4, file) != 4) *le_val = (buf[3] << 24) | (buf[2] << 16) | (buf[1] << 8) | buf[0]; if (!read_tag(info->input,tag) || !read_le_long(info->input,&le_long)) { info->data_size = le_long; success = shift_..."
13,12,Vulnerable,shadowsocks-libev__CVE-2017-15924,CVE-2017-15924,492,1,173,False,tail_512,5,4.787841796875,8699,trace-csv::8700,Vulnerable,True,zsh-5.4.2,CVE-2018-1100,CVE-2018-1100,False,test,dataset/signature_db_Vul_data_with_cve.csv,223,1,106,0.045454545454545456,"r = recvfrom(manager->fd, buf, BUF_SIZE, 0, (struct sockaddr *)&claddr, &len);struct server *server = get_server(buf, r);int ret = add_server(manager, server);char *cmd = construct_command_line(manager, server);if (se...","de = readdir(dir); return metafy(de->d_name, -1, META_STATIC); buf = hrealloc(buf, len, len + meta + 1); return p; return buf; while ((fn = zreaddir(lock, 1)) && !errflag) { sprintf(buf, ""%s/%s?%s"", *s, fn, u);"
13,12,Vulnerable,shadowsocks-libev__CVE-2017-15924,CVE-2017-15924,492,1,173,False,tail_512,6,4.8203125,8712,trace-csv::8713,Vulnerable,True,zsh-5.4.2,CVE-2018-1100,CVE-2018-1100,False,test,dataset/signature_db_Vul_data_with_cve.csv,217,1,101,0.045454545454545456,"r = recvfrom(manager->fd, buf, BUF_SIZE, 0, (struct sockaddr *)&claddr, &len);struct server *server = get_server(buf, r);int ret = add_server(manager, server);char *cmd = construct_command_line(manager, server);if (se...","de = readdir(dir); return metafy(de->d_name, -1, META_STATIC); buf = hrealloc(buf, len, len + meta + 1); return p; return buf; while ((fn = zreaddir(lock, 1)) && !errflag) { sprintf(buf, ""%s/%s"", *s, fn);"
14,13,Safe,shadowsocks-libev__CVE-2017-15924,CVE-2017-15924,393,1,139,False,tail_512,1,4.67572021484375,6554,trace-csv::6555,Vulnerable,False,CWE680_63-CWE680_Integer_Overflow_to_Buffer_Overflow__malloc_fscanf,,UNKNOWN,False,test,dataset/signature_db_Vul_data_with_cve.csv,186,1,83,0.029411764705882353,"r = recvfrom(manager->fd, buf, BUF_SIZE, 0, (struct sockaddr *)&claddr, &len);struct server *server = get_server(buf, r);int ret = add_server(manager, server);char *cmd = construct_command_line(manager, server);snprin...","fscanf(stdin, ""%d"", &data); CWE680_Integer_Overflow_to_Buffer_Overflow__malloc_fscanf_63b_badSink(&data); int data = *dataPtr; intPointer = (int*)malloc(data * sizeof(int));"
14,13,Safe,shadowsocks-libev__CVE-2017-15924,CVE-2017-15924,393,1,139,False,tail_512,2,4.74090576171875,6562,trace-csv::6563,Vulnerable,False,CWE680_64-CWE680_Integer_Overflow_to_Buffer_Overflow__malloc_fscanf,,UNKNOWN,False,test,dataset/signature_db_Vul_data_with_cve.csv,188,1,83,0.029411764705882353,"r = recvfrom(manager->fd, buf, BUF_SIZE, 0, (struct sockaddr *)&claddr, &len);struct server *server = get_server(buf, r);int ret = add_server(manager, server);char *cmd = construct_command_line(manager, server);snprin...","fscanf(stdin, ""%d"", &data); CWE680_Integer_Overflow_to_Buffer_Overflow__malloc_fscanf_64b_badSink(&data); int data = (*dataPtr); intPointer = (int*)malloc(data * sizeof(int));"
14,13,Safe,shadowsocks-libev__CVE-2017-15924,CVE-2017-15924,393,1,139,False,tail_512,3,5.09576416015625,6474,trace-csv::6475,Vulnerable,False,CWE680_41-CWE680_Integer_Overflow_to_Buffer_Overflow__malloc_fscanf,,UNKNOWN,False,test,dataset/signature_db_Vul_data_with_cve.csv,160,1,72,0.030303030303030304,"r = recvfrom(manager->fd, buf, BUF_SIZE, 0, (struct sockaddr *)&claddr, &len);struct server *server = get_server(buf, r);int ret = add_server(manager, server);char *cmd = construct_command_line(manager, server);snprin...","fscanf(stdin, ""%d"", &data); CWE680_Integer_Overflow_to_Buffer_Overflow__malloc_fscanf_41_badSink(data); intPointer = (int*)malloc(data * sizeof(int));"
14,13,Safe,shadowsocks-libev__CVE-2017-15924,CVE-2017-15924,393,1,139,False,tail_512,4,5.1058349609375,4267,trace-csv::4268,Vulnerable,False,CWE191_64-CWE191_Integer_Underflow__int64_t_fscanf_multiply,,UNKNOWN,False,test,dataset/signature_db_Vul_data_with_cve.csv,260,1,115,0.0,"r = recvfrom(manager->fd, buf, BUF_SIZE, 0, (struct sockaddr *)&claddr, &len);struct server *server = get_server(buf, r);int ret = add_server(manager, server);char *cmd = construct_command_line(manager, server);snprin...","fscanf (stdin, ""%"" SCNd64, &data); CWE191_Integer_Underflow__int64_t_fscanf_multiply_64b_badSink(&data); int64_t data = (*dataPtr); if(data < 0) /* ensure we won't have an overflow */ int64_t result = data * 2; printL..."
14,13,Safe,shadowsocks-libev__CVE-2017-15924,CVE-2017-15924,393,1,139,False,tail_512,5,5.1256103515625,3088,trace-csv::3089,Vulnerable,False,CWE190_64-CWE190_Integer_Overflow__int64_t_fscanf_multiply,,UNKNOWN,False,test,dataset/signature_db_Vul_data_with_cve.csv,260,1,116,0.0,"r = recvfrom(manager->fd, buf, BUF_SIZE, 0, (struct sockaddr *)&claddr, &len);struct server *server = get_server(buf, r);int ret = add_server(manager, server);char *cmd = construct_command_line(manager, server);snprin...","fscanf (stdin, ""%"" SCNd64, &data); CWE190_Integer_Overflow__int64_t_fscanf_multiply_64b_badSink(&data); int64_t data = (*dataPtr); if(data > 0) /* ensure we won't have an underflow */ int64_t result = data * 2; printL..."
14,13,Safe,shadowsocks-libev__CVE-2017-15924,CVE-2017-15924,393,1,139,False,tail_512,6,5.166259765625,6558,trace-csv::6559,Vulnerable,False,CWE680_63-CWE680_Integer_Overflow_to_Buffer_Overflow__new_fscanf,,UNKNOWN,False,test,dataset/signature_db_Vul_data_with_cve.csv,184,1,76,0.05263157894736842,"r = recvfrom(manager->fd, buf, BUF_SIZE, 0, (struct sockaddr *)&claddr, &len);struct server *server = get_server(buf, r);int ret = add_server(manager, server);char *cmd = construct_command_line(manager, server);snprin...","fscanf(stdin, ""%d"", &data); badSink(&data); int data = *dataPtr; dataBytes = data * sizeof(int); /* sizeof array in bytes */ intPointer = (int*)new char[dataBytes];"
15,14,Vulnerable,openjpeg__CVE-2019-12973,CVE-2019-12973,1749,1,858,True,tail_512,1,8.939208984375,8226,trace-csv::8227,Vulnerable,True,sam2p-0.49.4,CVE-2017-16663,CVE-2017-16663,False,test,dataset/signature_db_Vul_data_with_cve.csv,578,1,259,0.03278688524590164,"image = bmptoimage(parameters.infile, &parameters);opj_image_t* bmptoimage(const char *filename, opj_cparameters_t *parameters)IN = fopen(filename, ""rb"");if (!bmp_read_info_header(IN, &Info_h)) {static OPJ_BOOL bmp_re...","if (!ReadOK (fd, buffer, Bitmap_File_Head.biSize - 4)) Bitmap_Head.biPlanes =ToS (&buffer[0x08]); /* 1A */ Bitmap_Head.biBitCnt =ToS (&buffer[0x0A]); /* 1C */ return ((short)(puffer[0] | puffer[1]<<8)); if ((Bitmap_He..."
15,14,Vulnerable,openjpeg__CVE-2019-12973,CVE-2019-12973,1749,1,858,True,tail_512,2,8.939208984375,8274,trace-csv::8275,Vulnerable,True,sam2p-0.49.4,CVE-2017-16663,CVE-2017-16663,False,test,dataset/signature_db_Vul_data_with_cve.csv,578,1,259,0.03278688524590164,"image = bmptoimage(parameters.infile, &parameters);opj_image_t* bmptoimage(const char *filename, opj_cparameters_t *parameters)IN = fopen(filename, ""rb"");if (!bmp_read_info_header(IN, &Info_h)) {static OPJ_BOOL bmp_re...","if (!ReadOK (fd, buffer, Bitmap_File_Head.biSize - 4)) Bitmap_Head.biPlanes =ToS (&buffer[0x08]); /* 1A */ Bitmap_Head.biBitCnt =ToS (&buffer[0x0A]); /* 1C */ return ((short)(puffer[0] | puffer[1]<<8)); if ((Bitmap_He..."
15,14,Vulnerable,openjpeg__CVE-2019-12973,CVE-2019-12973,1749,1,858,True,tail_512,3,8.9710693359375,8230,trace-csv::8231,Vulnerable,True,sam2p-0.49.4,CVE-2017-16663,CVE-2017-16663,False,test,dataset/signature_db_Vul_data_with_cve.csv,642,1,291,0.032,"image = bmptoimage(parameters.infile, &parameters);opj_image_t* bmptoimage(const char *filename, opj_cparameters_t *parameters)IN = fopen(filename, ""rb"");if (!bmp_read_info_header(IN, &Info_h)) {static OPJ_BOOL bmp_re...","if (!ReadOK (fd, buffer, Bitmap_File_Head.biSize - 4)) Bitmap_Head.biHeight =ToL (&buffer[0x04]); /* 16 */ Bitmap_Head.biPlanes =ToS (&buffer[0x08]); /* 1A */ Bitmap_Head.biBitCnt =ToS (&buffer[0x0A]); /* 1C */ return..."
15,14,Vulnerable,openjpeg__CVE-2019-12973,CVE-2019-12973,1749,1,858,True,tail_512,4,8.9710693359375,8278,trace-csv::8279,Vulnerable,True,sam2p-0.49.4,CVE-2017-16663,CVE-2017-16663,False,test,dataset/signature_db_Vul_data_with_cve.csv,642,1,291,0.032,"image = bmptoimage(parameters.infile, &parameters);opj_image_t* bmptoimage(const char *filename, opj_cparameters_t *parameters)IN = fopen(filename, ""rb"");if (!bmp_read_info_header(IN, &Info_h)) {static OPJ_BOOL bmp_re...","if (!ReadOK (fd, buffer, Bitmap_File_Head.biSize - 4)) Bitmap_Head.biHeight =ToL (&buffer[0x04]); /* 16 */ Bitmap_Head.biPlanes =ToS (&buffer[0x08]); /* 1A */ Bitmap_Head.biBitCnt =ToS (&buffer[0x0A]); /* 1C */ return..."
15,14,Vulnerable,openjpeg__CVE-2019-12973,CVE-2019-12973,1749,1,858,True,tail_512,5,9.02960205078125,8234,trace-csv::8235,Vulnerable,True,sam2p-0.49.4,CVE-2017-16663,CVE-2017-16663,False,test,dataset/signature_db_Vul_data_with_cve.csv,642,1,292,0.04032258064516129,"image = bmptoimage(parameters.infile, &parameters);opj_image_t* bmptoimage(const char *filename, opj_cparameters_t *parameters)IN = fopen(filename, ""rb"");if (!bmp_read_info_header(IN, &Info_h)) {static OPJ_BOOL bmp_re...","if (!ReadOK (fd, buffer, Bitmap_File_Head.biSize - 4)) Bitmap_Head.biWidth =ToL (&buffer[0x00]); /* 12 */ Bitmap_Head.biPlanes =ToS (&buffer[0x08]); /* 1A */ Bitmap_Head.biBitCnt =ToS (&buffer[0x0A]); /* 1C */ return ..."
15,14,Vulnerable,openjpeg__CVE-2019-12973,CVE-2019-12973,1749,1,858,True,tail_512,6,9.02960205078125,8282,trace-csv::8283,Vulnerable,True,sam2p-0.49.4,CVE-2017-16663,CVE-2017-16663,False,test,dataset/signature_db_Vul_data_with_cve.csv,642,1,292,0.04032258064516129,"image = bmptoimage(parameters.infile, &parameters);opj_image_t* bmptoimage(const char *filename, opj_cparameters_t *parameters)IN = fopen(filename, ""rb"");if (!bmp_read_info_header(IN, &Info_h)) {static OPJ_BOOL bmp_re...","if (!ReadOK (fd, buffer, Bitmap_File_Head.biSize - 4)) Bitmap_Head.biWidth =ToL (&buffer[0x00]); /* 12 */ Bitmap_Head.biPlanes =ToS (&buffer[0x08]); /* 1A */ Bitmap_Head.biBitCnt =ToS (&buffer[0x0A]); /* 1C */ return ..."
16,15,Safe,openjpeg__CVE-2019-12973,CVE-2019-12973,632,1,284,False,tail_512,1,6.532958984375,8426,trace-csv::8427,Vulnerable,False,urjtag-0.8,,UNKNOWN,False,test,dataset/signature_db_Vul_data_with_cve.csv,705,1,307,0.03896103896103896,"image = bmptoimage(parameters.infile, &parameters);opj_image_t* bmptoimage(const char *filename, opj_cparameters_t *parameters)IN = fopen(filename, ""rb"");if (!bmp_read_info_header(IN, &Info_h)) {static OPJ_BOOL bmp_re...","while(fgets(line, 1023, stdin)); jtag_readline_multiple_commands_support( line ); if (!line || !(strlen( line ) > 0)) r = jtag_parse_line( line ); t = get_token( line ); char *t = strtok( buf, "" \f\n\r\t\v"" ); if (!li..."
16,15,Safe,openjpeg__CVE-2019-12973,CVE-2019-12973,632,1,284,False,tail_512,2,6.532958984375,8427,trace-csv::8428,Vulnerable,False,urjtag-0.8,,UNKNOWN,False,test,dataset/signature_db_Vul_data_with_cve.csv,705,1,307,0.03896103896103896,"image = bmptoimage(parameters.infile, &parameters);opj_image_t* bmptoimage(const char *filename, opj_cparameters_t *parameters)IN = fopen(filename, ""rb"");if (!bmp_read_info_header(IN, &Info_h)) {static OPJ_BOOL bmp_re...","while(fgets(line, 1023, stdin)); jtag_readline_multiple_commands_support( line ); if (!line || !(strlen( line ) > 0)) r = jtag_parse_line( line ); t = get_token( line ); char *t = strtok( buf, "" \f\n\r\t\v"" ); if (!li..."
16,15,Safe,openjpeg__CVE-2019-12973,CVE-2019-12973,632,1,284,False,tail_512,3,6.54803466796875,8474,trace-csv::8475,Vulnerable,False,urjtag-0.8,,UNKNOWN,False,test,dataset/signature_db_Vul_data_with_cve.csv,705,1,307,0.03896103896103896,"image = bmptoimage(parameters.infile, &parameters);opj_image_t* bmptoimage(const char *filename, opj_cparameters_t *parameters)IN = fopen(filename, ""rb"");if (!bmp_read_info_header(IN, &Info_h)) {static OPJ_BOOL bmp_re...","while(fgets(line, 1023, stdin)); jtag_readline_multiple_commands_support( line ); if (!line || !(strlen( line ) > 0)) r = jtag_parse_line( line ); t = get_token( line ); char *t = strtok( buf, "" \f\n\r\t\v"" ); if (!li..."
16,15,Safe,openjpeg__CVE-2019-12973,CVE-2019-12973,632,1,284,False,tail_512,4,6.54803466796875,8475,trace-csv::8476,Vulnerable,False,urjtag-0.8,,UNKNOWN,False,test,dataset/signature_db_Vul_data_with_cve.csv,705,1,307,0.03896103896103896,"image = bmptoimage(parameters.infile, &parameters);opj_image_t* bmptoimage(const char *filename, opj_cparameters_t *parameters)IN = fopen(filename, ""rb"");if (!bmp_read_info_header(IN, &Info_h)) {static OPJ_BOOL bmp_re...","while(fgets(line, 1023, stdin)); jtag_readline_multiple_commands_support( line ); if (!line || !(strlen( line ) > 0)) r = jtag_parse_line( line ); t = get_token( line ); char *t = strtok( buf, "" \f\n\r\t\v"" ); if (!li..."
16,15,Safe,openjpeg__CVE-2019-12973,CVE-2019-12973,632,1,284,False,tail_512,5,6.548828125,8441,trace-csv::8442,Vulnerable,False,urjtag-0.8,,UNKNOWN,False,test,dataset/signature_db_Vul_data_with_cve.csv,705,1,307,0.03896103896103896,"image = bmptoimage(parameters.infile, &parameters);opj_image_t* bmptoimage(const char *filename, opj_cparameters_t *parameters)IN = fopen(filename, ""rb"");if (!bmp_read_info_header(IN, &Info_h)) {static OPJ_BOOL bmp_re...","while(fgets(line, 1023, stdin)); jtag_readline_multiple_commands_support( line ); if (!line || !(strlen( line ) > 0)) nextcmd = strstr(nextcmd, ""::""); /* :: to not confuse ms-dos users ;-) */ r = jtag_parse_line( line..."
16,15,Safe,openjpeg__CVE-2019-12973,CVE-2019-12973,632,1,284,False,tail_512,6,6.5511474609375,8522,trace-csv::8523,Vulnerable,False,urjtag-0.8,,UNKNOWN,False,test,dataset/signature_db_Vul_data_with_cve.csv,702,1,306,0.039473684210526314,"image = bmptoimage(parameters.infile, &parameters);opj_image_t* bmptoimage(const char *filename, opj_cparameters_t *parameters)IN = fopen(filename, ""rb"");if (!bmp_read_info_header(IN, &Info_h)) {static OPJ_BOOL bmp_re...","while(fgets(line, 1023, stdin)); jtag_readline_multiple_commands_support( line ); if (!line || !(strlen( line ) > 0)) r = jtag_parse_line( line ); t = get_token( line ); char *t = strtok( buf, "" \f\n\r\t\v"" ); if (!li..."
17,16,Vulnerable,radare2__CVE-2019-16718,CVE-2019-16718,1587,1,665,True,tail_512,1,7.91265869140625,8107,trace-csv::8108,Vulnerable,True,firejail-0.9.62,CVE-2020-17367;CVE-2020-17368,CVE-2020-17367;CVE-2020-17368,False,test,dataset/signature_db_Vul_data_with_cve.csv,840,1,380,0.05309734513274336,"RList *symbols = r_bin_get_symbols (r->bin);r_list_foreach (symbols, iter, symbol) {char *r_symbol_name = r_str_escape_utf8 (symbol->name, false, true);char *module = strdup (r_symbol_name);char *p = strstr (module, ""...","int main(int argc, char **argv) { if (*argv[0] != '-') if (*argv[0] != '-') { if (strcmp(argv[2], ""/usr/lib/openssh/sftp-server"") == 0 || strncmp(argv[2], ""scp "", 4) == 0) { if (*argv[0] == '-' || parent_sshd) { check..."
17,16,Vulnerable,radare2__CVE-2019-16718,CVE-2019-16718,1587,1,665,True,tail_512,2,7.91265869140625,8109,trace-csv::8110,Vulnerable,True,firejail-0.9.62,CVE-2020-17367;CVE-2020-17368,CVE-2020-17367;CVE-2020-17368,False,test,dataset/signature_db_Vul_data_with_cve.csv,840,1,380,0.05309734513274336,"RList *symbols = r_bin_get_symbols (r->bin);r_list_foreach (symbols, iter, symbol) {char *r_symbol_name = r_str_escape_utf8 (symbol->name, false, true);char *module = strdup (r_symbol_name);char *p = strstr (module, ""...","int main(int argc, char **argv) { if (*argv[0] != '-') if (*argv[0] != '-') { if (strcmp(argv[2], ""/usr/lib/openssh/sftp-server"") == 0 || strncmp(argv[2], ""scp "", 4) == 0) { if (*argv[0] == '-' || parent_sshd) { check..."
17,16,Vulnerable,radare2__CVE-2019-16718,CVE-2019-16718,1587,1,665,True,tail_512,3,8.1046142578125,8108,trace-csv::8109,Vulnerable,True,firejail-0.9.62,CVE-2020-17367;CVE-2020-17368,CVE-2020-17367;CVE-2020-17368,False,test,dataset/signature_db_Vul_data_with_cve.csv,890,1,407,0.05309734513274336,"RList *symbols = r_bin_get_symbols (r->bin);r_list_foreach (symbols, iter, symbol) {char *r_symbol_name = r_str_escape_utf8 (symbol->name, false, true);char *module = strdup (r_symbol_name);char *p = strstr (module, ""...","int main(int argc, char **argv) { if (*argv[0] != '-') if (*argv[0] != '-') { if (strcmp(argv[1], ""-c"") == 0 && argc > 2) { if (strcmp(argv[2], ""/usr/lib/openssh/sftp-server"") == 0 || strncmp(argv[2], ""scp "", 4) == 0)..."
17,16,Vulnerable,radare2__CVE-2019-16718,CVE-2019-16718,1587,1,665,True,tail_512,4,8.1046142578125,8110,trace-csv::8111,Vulnerable,True,firejail-0.9.62,CVE-2020-17367;CVE-2020-17368,CVE-2020-17367;CVE-2020-17368,False,test,dataset/signature_db_Vul_data_with_cve.csv,890,1,407,0.05309734513274336,"RList *symbols = r_bin_get_symbols (r->bin);r_list_foreach (symbols, iter, symbol) {char *r_symbol_name = r_str_escape_utf8 (symbol->name, false, true);char *module = strdup (r_symbol_name);char *p = strstr (module, ""...","int main(int argc, char **argv) { if (*argv[0] != '-') if (*argv[0] != '-') { if (strcmp(argv[1], ""-c"") == 0 && argc > 2) { if (strcmp(argv[2], ""/usr/lib/openssh/sftp-server"") == 0 || strncmp(argv[2], ""scp "", 4) == 0)..."
17,16,Vulnerable,radare2__CVE-2019-16718,CVE-2019-16718,1587,1,665,True,tail_512,5,8.57220458984375,8522,trace-csv::8523,Vulnerable,True,urjtag-0.8,,UNKNOWN,False,test,dataset/signature_db_Vul_data_with_cve.csv,702,1,306,0.038461538461538464,"RList *symbols = r_bin_get_symbols (r->bin);r_list_foreach (symbols, iter, symbol) {char *r_symbol_name = r_str_escape_utf8 (symbol->name, false, true);char *module = strdup (r_symbol_name);char *p = strstr (module, ""...","while(fgets(line, 1023, stdin)); jtag_readline_multiple_commands_support( line ); if (!line || !(strlen( line ) > 0)) r = jtag_parse_line( line ); t = get_token( line ); char *t = strtok( buf, "" \f\n\r\t\v"" ); if (!li..."
17,16,Vulnerable,radare2__CVE-2019-16718,CVE-2019-16718,1587,1,665,True,tail_512,6,8.57220458984375,8523,trace-csv::8524,Vulnerable,True,urjtag-0.8,,UNKNOWN,False,test,dataset/signature_db_Vul_data_with_cve.csv,702,1,306,0.038461538461538464,"RList *symbols = r_bin_get_symbols (r->bin);r_list_foreach (symbols, iter, symbol) {char *r_symbol_name = r_str_escape_utf8 (symbol->name, false, true);char *module = strdup (r_symbol_name);char *p = strstr (module, ""...","while(fgets(line, 1023, stdin)); jtag_readline_multiple_commands_support( line ); if (!line || !(strlen( line ) > 0)) r = jtag_parse_line( line ); t = get_token( line ); char *t = strtok( buf, "" \f\n\r\t\v"" ); if (!li..."
18,17,Safe,radare2__CVE-2019-16718,CVE-2019-16718,357,1,150,False,tail_512,1,6.87774658203125,8712,trace-csv::8713,Vulnerable,False,zsh-5.4.2,CVE-2018-1100,CVE-2018-1100,False,test,dataset/signature_db_Vul_data_with_cve.csv,217,1,101,0.0,"RList *symbols = r_bin_get_symbols (r->bin);r_list_foreach (symbols, iter, symbol) {char *r_symbol_name = r_str_escape_utf8 (symbol->name, false, true);char *module = strdup (r_symbol_name);char *p = strstr (module, ""...","de = readdir(dir); return metafy(de->d_name, -1, META_STATIC); buf = hrealloc(buf, len, len + meta + 1); return p; return buf; while ((fn = zreaddir(lock, 1)) && !errflag) { sprintf(buf, ""%s/%s"", *s, fn);"
18,17,Safe,radare2__CVE-2019-16718,CVE-2019-16718,357,1,150,False,tail_512,2,6.89227294921875,8699,trace-csv::8700,Vulnerable,False,zsh-5.4.2,CVE-2018-1100,CVE-2018-1100,False,test,dataset/signature_db_Vul_data_with_cve.csv,223,1,106,0.0,"RList *symbols = r_bin_get_symbols (r->bin);r_list_foreach (symbols, iter, symbol) {char *r_symbol_name = r_str_escape_utf8 (symbol->name, false, true);char *module = strdup (r_symbol_name);char *p = strstr (module, ""...","de = readdir(dir); return metafy(de->d_name, -1, META_STATIC); buf = hrealloc(buf, len, len + meta + 1); return p; return buf; while ((fn = zreaddir(lock, 1)) && !errflag) { sprintf(buf, ""%s/%s?%s"", *s, fn, u);"
18,17,Safe,radare2__CVE-2019-16718,CVE-2019-16718,357,1,150,False,tail_512,3,7.05322265625,1493,trace-csv::1494,Vulnerable,False,CWE134_54-CWE134_Uncontrolled_Format_String__char_file_vfprintf,,UNKNOWN,False,test,dataset/signature_db_Vul_data_with_cve.csv,426,1,180,0.0,"RList *symbols = r_bin_get_symbols (r->bin);r_list_foreach (symbols, iter, symbol) {char *r_symbol_name = r_str_escape_utf8 (symbol->name, false, true);char *module = strdup (r_symbol_name);char *p = strstr (module, ""...","if (fgets(data+dataLen, (int)(100-dataLen), pFile) == NULL) CWE134_Uncontrolled_Format_String__char_file_vfprintf_54b_badSink(data); CWE134_Uncontrolled_Format_String__char_file_vfprintf_54c_badSink(data); CWE134_Unco..."
18,17,Safe,radare2__CVE-2019-16718,CVE-2019-16718,357,1,150,False,tail_512,4,7.0836181640625,8069,trace-csv::8070,Vulnerable,False,autotrace-20200219.65,CVE-2017-9181,CVE-2017-9181,False,test,dataset/signature_db_Vul_data_with_cve.csv,398,1,153,0.020833333333333332,"RList *symbols = r_bin_get_symbols (r->bin);r_list_foreach (symbols, iter, symbol) {char *r_symbol_name = r_str_escape_utf8 (symbol->name, false, true);char *module = strdup (r_symbol_name);char *p = strstr (module, ""...","if (!ReadOK(fd, buffer, 8)) { Bitmap_Head.biWidth = ToS(&buffer[0x00]); /* 12 */ return ((short)(puffer[0] | puffer[1] << 8)); if ((Bitmap_Head.biHeight == 0 || Bitmap_Head.biWidth == 0) image_storage = ReadImage(fd, ..."
18,17,Safe,radare2__CVE-2019-16718,CVE-2019-16718,357,1,150,False,tail_512,5,7.0836181640625,8072,trace-csv::8073,Vulnerable,False,autotrace-20200219.65,CVE-2017-9181,CVE-2017-9181,False,test,dataset/signature_db_Vul_data_with_cve.csv,398,1,153,0.020833333333333332,"RList *symbols = r_bin_get_symbols (r->bin);r_list_foreach (symbols, iter, symbol) {char *r_symbol_name = r_str_escape_utf8 (symbol->name, false, true);char *module = strdup (r_symbol_name);char *p = strstr (module, ""...","if (!ReadOK(fd, buffer, 8)) { Bitmap_Head.biWidth = ToS(&buffer[0x00]); /* 12 */ return ((short)(puffer[0] | puffer[1] << 8)); if ((Bitmap_Head.biHeight == 0 || Bitmap_Head.biWidth == 0) image_storage = ReadImage(fd, ..."
18,17,Safe,radare2__CVE-2019-16718,CVE-2019-16718,357,1,150,False,tail_512,6,7.087646484375,8066,trace-csv::8067,Vulnerable,False,autotrace-20200219.65,CVE-2017-9181,CVE-2017-9181,False,test,dataset/signature_db_Vul_data_with_cve.csv,398,1,153,0.020833333333333332,"RList *symbols = r_bin_get_symbols (r->bin);r_list_foreach (symbols, iter, symbol) {char *r_symbol_name = r_str_escape_utf8 (symbol->name, false, true);char *module = strdup (r_symbol_name);char *p = strstr (module, ""...","if (!ReadOK(fd, buffer, 8)) { Bitmap_Head.biWidth = ToS(&buffer[0x00]); /* 12 */ return ((short)(puffer[0] | puffer[1] << 8)); if ((Bitmap_Head.biHeight == 0 || Bitmap_Head.biWidth == 0) image_storage = ReadImage(fd, ..."
19,18,Vulnerable,ghostpdl__CVE-2018-16863,CVE-2018-16863,1419,1,569,True,tail_512,1,7.55279541015625,8426,trace-csv::8427,Vulnerable,True,urjtag-0.8,,UNKNOWN,False,test,dataset/signature_db_Vul_data_with_cve.csv,705,1,307,0.06,"int gdev_prn_put_params(gx_device * pdev, gs_param_list * plist)gx_device_printer * const ppdev = (gx_device_printer *)pdev;switch (code = param_read_string(plist, (param_name = ""OutputFile""), &ofs)) {if (pdev->LockSa...","while(fgets(line, 1023, stdin)); jtag_readline_multiple_commands_support( line ); if (!line || !(strlen( line ) > 0)) r = jtag_parse_line( line ); t = get_token( line ); char *t = strtok( buf, "" \f\n\r\t\v"" ); if (!li..."
19,18,Vulnerable,ghostpdl__CVE-2018-16863,CVE-2018-16863,1419,1,569,True,tail_512,2,7.55279541015625,8427,trace-csv::8428,Vulnerable,True,urjtag-0.8,,UNKNOWN,False,test,dataset/signature_db_Vul_data_with_cve.csv,705,1,307,0.06,"int gdev_prn_put_params(gx_device * pdev, gs_param_list * plist)gx_device_printer * const ppdev = (gx_device_printer *)pdev;switch (code = param_read_string(plist, (param_name = ""OutputFile""), &ofs)) {if (pdev->LockSa...","while(fgets(line, 1023, stdin)); jtag_readline_multiple_commands_support( line ); if (!line || !(strlen( line ) > 0)) r = jtag_parse_line( line ); t = get_token( line ); char *t = strtok( buf, "" \f\n\r\t\v"" ); if (!li..."
19,18,Vulnerable,ghostpdl__CVE-2018-16863,CVE-2018-16863,1419,1,569,True,tail_512,3,7.55810546875,8474,trace-csv::8475,Vulnerable,True,urjtag-0.8,,UNKNOWN,False,test,dataset/signature_db_Vul_data_with_cve.csv,705,1,307,0.06,"int gdev_prn_put_params(gx_device * pdev, gs_param_list * plist)gx_device_printer * const ppdev = (gx_device_printer *)pdev;switch (code = param_read_string(plist, (param_name = ""OutputFile""), &ofs)) {if (pdev->LockSa...","while(fgets(line, 1023, stdin)); jtag_readline_multiple_commands_support( line ); if (!line || !(strlen( line ) > 0)) r = jtag_parse_line( line ); t = get_token( line ); char *t = strtok( buf, "" \f\n\r\t\v"" ); if (!li..."
19,18,Vulnerable,ghostpdl__CVE-2018-16863,CVE-2018-16863,1419,1,569,True,tail_512,4,7.55810546875,8475,trace-csv::8476,Vulnerable,True,urjtag-0.8,,UNKNOWN,False,test,dataset/signature_db_Vul_data_with_cve.csv,705,1,307,0.06,"int gdev_prn_put_params(gx_device * pdev, gs_param_list * plist)gx_device_printer * const ppdev = (gx_device_printer *)pdev;switch (code = param_read_string(plist, (param_name = ""OutputFile""), &ofs)) {if (pdev->LockSa...","while(fgets(line, 1023, stdin)); jtag_readline_multiple_commands_support( line ); if (!line || !(strlen( line ) > 0)) r = jtag_parse_line( line ); t = get_token( line ); char *t = strtok( buf, "" \f\n\r\t\v"" ); if (!li..."
19,18,Vulnerable,ghostpdl__CVE-2018-16863,CVE-2018-16863,1419,1,569,True,tail_512,5,7.56036376953125,8570,trace-csv::8571,Vulnerable,True,urjtag-0.8,,UNKNOWN,False,test,dataset/signature_db_Vul_data_with_cve.csv,705,1,307,0.06,"int gdev_prn_put_params(gx_device * pdev, gs_param_list * plist)gx_device_printer * const ppdev = (gx_device_printer *)pdev;switch (code = param_read_string(plist, (param_name = ""OutputFile""), &ofs)) {if (pdev->LockSa...","while(fgets(line, 1023, stdin)); jtag_readline_multiple_commands_support( line ); if (!line || !(strlen( line ) > 0)) r = jtag_parse_line( line ); t = get_token( line ); char *t = strtok( buf, "" \f\n\r\t\v"" ); if (!li..."
19,18,Vulnerable,ghostpdl__CVE-2018-16863,CVE-2018-16863,1419,1,569,True,tail_512,6,7.56036376953125,8571,trace-csv::8572,Vulnerable,True,urjtag-0.8,,UNKNOWN,False,test,dataset/signature_db_Vul_data_with_cve.csv,705,1,307,0.06,"int gdev_prn_put_params(gx_device * pdev, gs_param_list * plist)gx_device_printer * const ppdev = (gx_device_printer *)pdev;switch (code = param_read_string(plist, (param_name = ""OutputFile""), &ofs)) {if (pdev->LockSa...","while(fgets(line, 1023, stdin)); jtag_readline_multiple_commands_support( line ); if (!line || !(strlen( line ) > 0)) r = jtag_parse_line( line ); t = get_token( line ); char *t = strtok( buf, "" \f\n\r\t\v"" ); if (!li..."
20,19,Safe,ghostpdl__CVE-2018-16863,CVE-2018-16863,805,1,320,False,tail_512,1,6.21856689453125,8228,trace-csv::8229,Vulnerable,False,sam2p-0.49.4,CVE-2017-16663,CVE-2017-16663,False,test,dataset/signature_db_Vul_data_with_cve.csv,578,1,257,0.015151515151515152,"saveLockSafety = gs_currentdevice_inline(pgs)->LockSafetyParams;if ((code = gs_setdevice_no_erase(pgs, ndev)) < 0)int gs_setdevice_no_erase(gs_gstate * pgs, gx_device * dev)gs_setdevice_no_init(pgs, dev);rc_assign(pgs...","if (!ReadOK (fd, buffer, Bitmap_File_Head.biSize - 4)) Bitmap_Head.biHeight =ToL (&buffer[0x04]); /* 16 */ Bitmap_Head.biBitCnt =ToS (&buffer[0x0A]); /* 1C */ return ((short)(puffer[0] | puffer[1]<<8)); if ((Bitmap_He..."
20,19,Safe,ghostpdl__CVE-2018-16863,CVE-2018-16863,805,1,320,False,tail_512,2,6.21856689453125,8276,trace-csv::8277,Vulnerable,False,sam2p-0.49.4,CVE-2017-16663,CVE-2017-16663,False,test,dataset/signature_db_Vul_data_with_cve.csv,578,1,257,0.015151515151515152,"saveLockSafety = gs_currentdevice_inline(pgs)->LockSafetyParams;if ((code = gs_setdevice_no_erase(pgs, ndev)) < 0)int gs_setdevice_no_erase(gs_gstate * pgs, gx_device * dev)gs_setdevice_no_init(pgs, dev);rc_assign(pgs...","if (!ReadOK (fd, buffer, Bitmap_File_Head.biSize - 4)) Bitmap_Head.biHeight =ToL (&buffer[0x04]); /* 16 */ Bitmap_Head.biBitCnt =ToS (&buffer[0x0A]); /* 1C */ return ((short)(puffer[0] | puffer[1]<<8)); if ((Bitmap_He..."
20,19,Safe,ghostpdl__CVE-2018-16863,CVE-2018-16863,805,1,320,False,tail_512,3,6.23638916015625,8226,trace-csv::8227,Vulnerable,False,sam2p-0.49.4,CVE-2017-16663,CVE-2017-16663,False,test,dataset/signature_db_Vul_data_with_cve.csv,578,1,259,0.015384615384615385,"saveLockSafety = gs_currentdevice_inline(pgs)->LockSafetyParams;if ((code = gs_setdevice_no_erase(pgs, ndev)) < 0)int gs_setdevice_no_erase(gs_gstate * pgs, gx_device * dev)gs_setdevice_no_init(pgs, dev);rc_assign(pgs...","if (!ReadOK (fd, buffer, Bitmap_File_Head.biSize - 4)) Bitmap_Head.biPlanes =ToS (&buffer[0x08]); /* 1A */ Bitmap_Head.biBitCnt =ToS (&buffer[0x0A]); /* 1C */ return ((short)(puffer[0] | puffer[1]<<8)); if ((Bitmap_He..."
20,19,Safe,ghostpdl__CVE-2018-16863,CVE-2018-16863,805,1,320,False,tail_512,4,6.23638916015625,8274,trace-csv::8275,Vulnerable,False,sam2p-0.49.4,CVE-2017-16663,CVE-2017-16663,False,test,dataset/signature_db_Vul_data_with_cve.csv,578,1,259,0.015384615384615385,"saveLockSafety = gs_currentdevice_inline(pgs)->LockSafetyParams;if ((code = gs_setdevice_no_erase(pgs, ndev)) < 0)int gs_setdevice_no_erase(gs_gstate * pgs, gx_device * dev)gs_setdevice_no_init(pgs, dev);rc_assign(pgs...","if (!ReadOK (fd, buffer, Bitmap_File_Head.biSize - 4)) Bitmap_Head.biPlanes =ToS (&buffer[0x08]); /* 1A */ Bitmap_Head.biBitCnt =ToS (&buffer[0x0A]); /* 1C */ return ((short)(puffer[0] | puffer[1]<<8)); if ((Bitmap_He..."
20,19,Safe,ghostpdl__CVE-2018-16863,CVE-2018-16863,805,1,320,False,tail_512,5,6.43865966796875,8232,trace-csv::8233,Vulnerable,False,sam2p-0.49.4,CVE-2017-16663,CVE-2017-16663,False,test,dataset/signature_db_Vul_data_with_cve.csv,578,1,258,0.015151515151515152,"saveLockSafety = gs_currentdevice_inline(pgs)->LockSafetyParams;if ((code = gs_setdevice_no_erase(pgs, ndev)) < 0)int gs_setdevice_no_erase(gs_gstate * pgs, gx_device * dev)gs_setdevice_no_init(pgs, dev);rc_assign(pgs...","if (!ReadOK (fd, buffer, Bitmap_File_Head.biSize - 4)) Bitmap_Head.biWidth =ToL (&buffer[0x00]); /* 12 */ Bitmap_Head.biBitCnt =ToS (&buffer[0x0A]); /* 1C */ return ((short)(puffer[0] | puffer[1]<<8)); if ((Bitmap_Hea..."
20,19,Safe,ghostpdl__CVE-2018-16863,CVE-2018-16863,805,1,320,False,tail_512,6,6.43865966796875,8280,trace-csv::8281,Vulnerable,False,sam2p-0.49.4,CVE-2017-16663,CVE-2017-16663,False,test,dataset/signature_db_Vul_data_with_cve.csv,578,1,258,0.015151515151515152,"saveLockSafety = gs_currentdevice_inline(pgs)->LockSafetyParams;if ((code = gs_setdevice_no_erase(pgs, ndev)) < 0)int gs_setdevice_no_erase(gs_gstate * pgs, gx_device * dev)gs_setdevice_no_init(pgs, dev);rc_assign(pgs...","if (!ReadOK (fd, buffer, Bitmap_File_Head.biSize - 4)) Bitmap_Head.biWidth =ToL (&buffer[0x00]); /* 12 */ Bitmap_Head.biBitCnt =ToS (&buffer[0x0A]); /* 1C */ return ((short)(puffer[0] | puffer[1]<<8)); if ((Bitmap_Hea..."
